
> deepread-harmony@0.0.2 build
> node scripts/build.mjs

DEVECO_SDK_HOME=/Users/arquiel/Library/Huawei/commandline/command-line-tools/sdk
OHOS_BASE_SDK_HOME=/Users/arquiel/Library/Huawei/commandline/command-line-tools/sdk/default/openharmony
Running: hvigorw assembleApp --no-daemon
> hvigor [32mFinished ::PreBuildApp... after 1 ms [39m
> hvigor [32mUP-TO-DATE :entry:default@PreBuild...  [39m
> hvigor [33mWARN: deepread: HAR modules cannot be installed independently. As a result, the "applyToProducts" configuration will not take effect. See more details.[39m
> hvigor [32mUP-TO-DATE :deepread:default@PreBuild...  [39m
> hvigor [33mWARN: chat: HAR modules cannot be installed independently. As a result, the "applyToProducts" configuration will not take effect. See more details.[39m
> hvigor [32mUP-TO-DATE :chat:default@PreBuild...  [39m
> hvigor [32mFinished ::DuplicateDependencyCheck... after 1 ms [39m
> hvigor [32mFinished :entry:default@CreateModuleInfo... after 1 ms [39m
> hvigor [32mUP-TO-DATE :entry:default@GenerateMetadata...  [39m
> hvigor [32mFinished :entry:default@PreCheckSyscap... after 1 ms [39m
> hvigor [32mFinished :entry:default@GeneratePkgContextInfo... after 5 ms [39m
> hvigor [32mUP-TO-DATE :entry:default@GeneratePkgSdkInfo...  [39m
> hvigor [32mFinished :entry:default@ProcessIntegratedHsp... after 1 ms [39m
> hvigor [32mUP-TO-DATE :deepread:default@CreateHarBuildProfile...  [39m
> hvigor [32mFinished :deepread:default@ConfigureCmake... after 1 ms [39m
> hvigor [32mUP-TO-DATE :deepread:default@MergeProfile...  [39m
> hvigor [32mFinished :entry:default@SyscapTransform... after 12 ms [39m
> hvigor [32mUP-TO-DATE :entry:default@ProcessRouterMap...  [39m
> hvigor [32mUP-TO-DATE :entry:default@ProcessShareConfig...  [39m
> hvigor [32mFinished :entry:default@ProcessStartupConfig... after 1 ms [39m
> hvigor [32mUP-TO-DATE :chat:default@CreateHarBuildProfile...  [39m
> hvigor [32mFinished :deepread:default@BuildNativeWithCmake... after 1 ms [39m
> hvigor [32mUP-TO-DATE :chat:default@MergeProfile...  [39m
> hvigor [32mUP-TO-DATE :entry:default@GenerateLoaderJson...  [39m
> hvigor [32mUP-TO-DATE :entry:default@CreateBuildProfile...  [39m
> hvigor [32mFinished :deepread:default@BuildNativeWithNinja... after 1 ms [39m
> hvigor [32mFinished :chat:default@ConfigureCmake... after 1 ms [39m
> hvigor [32mUP-TO-DATE :entry:default@MergeProfile...  [39m
> hvigor [32mUP-TO-DATE :deepread:default@ProcessLibs...  [39m
> hvigor [32mFinished :chat:default@BuildNativeWithCmake... after 1 ms [39m
> hvigor [32mUP-TO-DATE :entry:default@MakePackInfo...  [39m
> hvigor [32mUP-TO-DATE :entry:default@ProcessProfile...  [39m
> hvigor [32mUP-TO-DATE :deepread:default@DoNativeStrip...  [39m
> hvigor [32mFinished :entry:default@ConfigureCmake... after 28 ms [39m
> hvigor [32mUP-TO-DATE :entry:default@ProcessResource...  [39m
> hvigor [32mFinished :chat:default@BuildNativeWithNinja... after 1 ms [39m
> hvigor [32mFinished :entry:default@BuildNativeWithCmake... after 14 ms [39m
> hvigor [32mUP-TO-DATE :entry:default@CompileResource...  [39m
> hvigor [32mUP-TO-DATE :chat:default@ProcessLibs...  [39m
> hvigor [32mFinished :entry:default@BuildJS... after 1 ms [39m
> hvigor [32mUP-TO-DATE :chat:default@DoNativeStrip...  [39m
> hvigor [33mWARN: [33mWARN: [33m[33mArkTS:WARN File: /Users/arquiel/Downloads/AI/DeepRead/harmony/entry/src/main/ets/platform_impl/PreferencesStorage.ets:22:35
 Function may throw exceptions. Special handling is required.
[39m[39m
[33mWARN: [33m[33mArkTS:WARN File: /Users/arquiel/Downloads/AI/DeepRead/harmony/entry/src/main/ets/platform_impl/PreferencesStorage.ets:28:46
 Function may throw exceptions. Special handling is required.
[39m[39m
[33mWARN: [33m[33mArkTS:WARN File: /Users/arquiel/Downloads/AI/DeepRead/harmony/entry/src/main/ets/platform_impl/PreferencesStorage.ets:34:13
 Function may throw exceptions. Special handling is required.
[39m[39m
[33mWARN: [33m[33mArkTS:WARN File: /Users/arquiel/Downloads/AI/DeepRead/harmony/entry/src/main/ets/platform_impl/PreferencesStorage.ets:35:13
 Function may throw exceptions. Special handling is required.
[39m[39m
[33mWARN: [33m[33mArkTS:WARN File: /Users/arquiel/Downloads/AI/DeepRead/harmony/entry/src/main/ets/platform_impl/PreferencesStorage.ets:40:13
 Function may throw exceptions. Special handling is required.
[39m[39m
[33mWARN: [33m[33mArkTS:WARN File: /Users/arquiel/Downloads/AI/DeepRead/harmony/entry/src/main/ets/platform_impl/PreferencesStorage.ets:41:13
 Function may throw exceptions. Special handling is required.
[39m[39m
[33mWARN: [33m[33mArkTS:WARN File: /Users/arquiel/Downloads/AI/DeepRead/harmony/entry/src/main/ets/platform_impl/PreferencesStorage.ets:46:46
 Function may throw exceptions. Special handling is required.
[39m[39m
[33mWARN: [33m[33mArkTS:WARN File: /Users/arquiel/Downloads/AI/DeepRead/harmony/entry/src/main/ets/platform_impl/PreferencesStorage.ets:55:13
 Function may throw exceptions. Special handling is required.
[39m[39m
[33mWARN: [33m[33mArkTS:WARN File: /Users/arquiel/Downloads/AI/DeepRead/harmony/entry/src/main/ets/platform_impl/PreferencesStorage.ets:56:13
 Function may throw exceptions. Special handling is required.
[39m[39m
[33mWARN: [33m[33mArkTS:WARN File: /Users/arquiel/Downloads/AI/DeepRead/harmony/entry/src/main/ets/platform_impl/PreferencesStorage.ets:61:13
 Function may throw exceptions. Special handling is required.
[39m[39m
[33mWARN: [33m[33mArkTS:WARN File: /Users/arquiel/Downloads/AI/DeepRead/harmony/entry/src/main/ets/platform_impl/PreferencesStorage.ets:62:13
 Function may throw exceptions. Special handling is required.
[39m[39m
[33mWARN: [33m[33mArkTS:WARN File: /Users/arquiel/Downloads/AI/DeepRead/harmony/entry/src/main/ets/platform_impl/PreferencesStorage.ets:67:48
 Function may throw exceptions. Special handling is required.
[39m[39m
[33mWARN: [33m[33mArkTS:WARN File: /Users/arquiel/Downloads/AI/DeepRead/harmony/entry/src/main/ets/platform_impl/EntryLocalToolPorts.ets:20:34
 To use this API, you need to apply for the permissions: ohos.permission.READ_PASTEBOARD [since 12]
[39m[39m
[33mWARN: [33m[33mArkTS:WARN File: /Users/arquiel/Downloads/AI/DeepRead/harmony/entry/src/main/ets/platform_impl/EntryLocalToolPorts.ets:37:30
 The system capacity of this api 'createMd' is not supported on all devices
[39m[39m
[33mWARN: [33m[33mArkTS:WARN File: /Users/arquiel/Downloads/AI/DeepRead/harmony/entry/src/main/ets/platform_impl/RdbRepository.ets:183:67
 Function may throw exceptions. Special handling is required.
[39m[39m
[33mWARN: [33m[33mArkTS:WARN File: /Users/arquiel/Downloads/AI/DeepRead/harmony/entry/src/main/ets/platform_impl/RdbRepository.ets:187:53
 Function may throw exceptions. Special handling is required.
[39m[39m
[33mWARN: [33m[33mArkTS:WARN File: /Users/arquiel/Downloads/AI/DeepRead/harmony/entry/src/main/ets/platform_impl/RdbRepository.ets:207:62
 Function may throw exceptions. Special handling is required.
[39m[39m
[33mWARN: [33m[33mArkTS:WARN File: /Users/arquiel/Downloads/AI/DeepRead/harmony/entry/src/main/ets/platform_impl/RdbRepository.ets:209:22
 Function may throw exceptions. Special handling is required.
[39m[39m
[33mWARN: [33m[33mArkTS:WARN File: /Users/arquiel/Downloads/AI/DeepRead/harmony/entry/src/main/ets/platform_impl/RdbRepository.ets:212:17
 Function may throw exceptions. Special handling is required.
[39m[39m
[33mWARN: [33m[33mArkTS:WARN File: /Users/arquiel/Downloads/AI/DeepRead/harmony/entry/src/main/ets/platform_impl/RdbRepository.ets:246:17
 Function may throw exceptions. Special handling is required.
[39m[39m
[33mWARN: [33m[33mArkTS:WARN File: /Users/arquiel/Downloads/AI/DeepRead/harmony/entry/src/main/ets/platform_impl/RdbRepository.ets:382:62
 Function may throw exceptions. Special handling is required.
[39m[39m
[33mWARN: [33m[33mArkTS:WARN File: /Users/arquiel/Downloads/AI/DeepRead/harmony/entry/src/main/ets/platform_impl/RdbRepository.ets:385:24
 Function may throw exceptions. Special handling is required.
[39m[39m
[33mWARN: [33m[33mArkTS:WARN File: /Users/arquiel/Downloads/AI/DeepRead/harmony/entry/src/main/ets/platform_impl/RdbRepository.ets:391:17
 Function may throw exceptions. Special handling is required.
[39m[39m
[33mWARN: [33m[33mArkTS:WARN File: /Users/arquiel/Downloads/AI/DeepRead/harmony/entry/src/main/ets/platform_impl/RdbRepository.ets:466:62
 Function may throw exceptions. Special handling is required.
[39m[39m
[33mWARN: [33m[33mArkTS:WARN File: /Users/arquiel/Downloads/AI/DeepRead/harmony/entry/src/main/ets/platform_impl/RdbRepository.ets:469:24
 Function may throw exceptions. Special handling is required.
[39m[39m
[33mWARN: [33m[33mArkTS:WARN File: /Users/arquiel/Downloads/AI/DeepRead/harmony/entry/src/main/ets/platform_impl/RdbRepository.ets:469:63
 Function may throw exceptions. Special handling is required.
[39m[39m
[33mWARN: [33m[33mArkTS:WARN File: /Users/arquiel/Downloads/AI/DeepRead/harmony/entry/src/main/ets/platform_impl/RdbRepository.ets:472:17
 Function may throw exceptions. Special handling is required.
[39m[39m
[33mWARN: [33m[33mArkTS:WARN File: /Users/arquiel/Downloads/AI/DeepRead/harmony/entry/src/main/ets/platform_impl/WorkspaceStore.ets:69:21
 To use this API, you need to apply for the permissions: ohos.permission.FILE_ACCESS_PERSIST
[39m[39m
[33mWARN: [33m[33mArkTS:WARN File: /Users/arquiel/Downloads/AI/DeepRead/harmony/entry/src/main/ets/platform_impl/WebMountSession.ets:563:26
 Function may throw exceptions. Special handling is required.
[39m[39m
[33mWARN: [33m[33mArkTS:WARN File: /Users/arquiel/Downloads/AI/DeepRead/harmony/entry/src/main/ets/platform_impl/WebMountSession.ets:567:21
 Function may throw exceptions. Special handling is required.
[39m[39m
[33mWARN: [33m[33mArkTS:WARN File: /Users/arquiel/Downloads/AI/DeepRead/harmony/entry/src/main/ets/platform_impl/WebMountSession.ets:573:26
 Function may throw exceptions. Special handling is required.
[39m[39m
[33mWARN: [33m[33mArkTS:WARN File: /Users/arquiel/Downloads/AI/DeepRead/harmony/entry/src/main/ets/platform_impl/WebMountSession.ets:576:21
 Function may throw exceptions. Special handling is required.
[39m[39m
[33mWARN: [33m[33mArkTS:WARN File: /Users/arquiel/Downloads/AI/DeepRead/harmony/entry/src/main/ets/platform_impl/WebMountSession.ets:586:21
 Function may throw exceptions. Special handling is required.
[39m[39m
[33mWARN: [33m[33mArkTS:WARN File: /Users/arquiel/Downloads/AI/DeepRead/harmony/entry/src/main/ets/platform_impl/WebMountSession.ets:607:47
 Function may throw exceptions. Special handling is required.
[39m[39m
[33mWARN: [33m[33mArkTS:WARN File: /Users/arquiel/Downloads/AI/DeepRead/harmony/entry/src/main/ets/platform_impl/WebMountSession.ets:689:52
 Function may throw exceptions. Special handling is required.
[39m[39m
[33mWARN: [33m[33mArkTS:WARN File: /Users/arquiel/Downloads/AI/DeepRead/harmony/entry/src/main/ets/platform_impl/WebMountSession.ets:745:51
 Function may throw exceptions. Special handling is required.
[39m[39m
[33mWARN: [33m[33mArkTS:WARN File: /Users/arquiel/Downloads/AI/DeepRead/harmony/entry/src/main/ets/platform_impl/WebMountSession.ets:749:45
 'packing' has been deprecated.
[39m[39m
[33mWARN: [33m[33mArkTS:WARN File: /Users/arquiel/Downloads/AI/DeepRead/harmony/entry/src/main/ets/platform_impl/FileStore.ets:56:38
 Function may throw exceptions. Special handling is required.
[39m[39m
[33mWARN: [33m[33mArkTS:WARN File: /Users/arquiel/Downloads/AI/DeepRead/harmony/entry/src/main/ets/platform_impl/FileStore.ets:58:25
 Function may throw exceptions. Special handling is required.
[39m[39m
[33mWARN: [33m[33mArkTS:WARN File: /Users/arquiel/Downloads/AI/DeepRead/harmony/entry/src/main/ets/platform_impl/FileStore.ets:65:44
 Function may throw exceptions. Special handling is required.
[39m[39m
[33mWARN: [33m[33mArkTS:WARN File: /Users/arquiel/Downloads/AI/DeepRead/harmony/entry/src/main/ets/platform_impl/FileStore.ets:67:20
 Function may throw exceptions. Special handling is required.
[39m[39m
[33mWARN: [33m[33mArkTS:WARN File: /Users/arquiel/Downloads/AI/DeepRead/harmony/entry/src/main/ets/platform_impl/FileStore.ets:69:20
 Function may throw exceptions. Special handling is required.
[39m[39m
[33mWARN: [33m[33mArkTS:WARN File: /Users/arquiel/Downloads/AI/DeepRead/harmony/entry/src/main/ets/platform_impl/FileStore.ets:75:38
 Function may throw exceptions. Special handling is required.
[39m[39m
[33mWARN: [33m[33mArkTS:WARN File: /Users/arquiel/Downloads/AI/DeepRead/harmony/entry/src/main/ets/platform_impl/FileStore.ets:77:44
 Function may throw exceptions. Special handling is required.
[39m[39m
[33mWARN: [33m[33mArkTS:WARN File: /Users/arquiel/Downloads/AI/DeepRead/harmony/entry/src/main/ets/platform_impl/FileStore.ets:79:46
 Function may throw exceptions. Special handling is required.
[39m[39m
[33mWARN: [33m[33mArkTS:WARN File: /Users/arquiel/Downloads/AI/DeepRead/harmony/entry/src/main/ets/platform_impl/FileStore.ets:81:20
 Function may throw exceptions. Special handling is required.
[39m[39m
[33mWARN: [33m[33mArkTS:WARN File: /Users/arquiel/Downloads/AI/DeepRead/harmony/entry/src/main/ets/platform_impl/FileStore.ets:84:20
 Function may throw exceptions. Special handling is required.
[39m[39m
[33mWARN: [33m[33mArkTS:WARN File: /Users/arquiel/Downloads/AI/DeepRead/harmony/entry/src/main/ets/platform_impl/FileStore.ets:92:44
 Function may throw exceptions. Special handling is required.
[39m[39m
[33mWARN: [33m[33mArkTS:WARN File: /Users/arquiel/Downloads/AI/DeepRead/harmony/entry/src/main/ets/platform_impl/FileStore.ets:96:20
 Function may throw exceptions. Special handling is required.
[39m[39m
[33mWARN: [33m[33mArkTS:WARN File: /Users/arquiel/Downloads/AI/DeepRead/harmony/entry/src/main/ets/platform_impl/FileStore.ets:98:20
 Function may throw exceptions. Special handling is required.
[39m[39m
[33mWARN: [33m[33mArkTS:WARN File: /Users/arquiel/Downloads/AI/DeepRead/harmony/entry/src/main/ets/platform_impl/FileStore.ets:106:44
 Function may throw exceptions. Special handling is required.
[39m[39m
[33mWARN: [33m[33mArkTS:WARN File: /Users/arquiel/Downloads/AI/DeepRead/harmony/entry/src/main/ets/platform_impl/FileStore.ets:108:20
 Function may throw exceptions. Special handling is required.
[39m[39m
[33mWARN: [33m[33mArkTS:WARN File: /Users/arquiel/Downloads/AI/DeepRead/harmony/entry/src/main/ets/platform_impl/FileStore.ets:110:20
 Function may throw exceptions. Special handling is required.
[39m[39m
[33mWARN: [33m[33mArkTS:WARN File: /Users/arquiel/Downloads/AI/DeepRead/harmony/entry/src/main/ets/platform_impl/FileStore.ets:116:25
 Function may throw exceptions. Special handling is required.
[39m[39m
[33mWARN: [33m[33mArkTS:WARN File: /Users/arquiel/Downloads/AI/DeepRead/harmony/entry/src/main/ets/platform_impl/FileStore.ets:121:38
 Function may throw exceptions. Special handling is required.
[39m[39m
[33mWARN: [33m[33mArkTS:WARN File: /Users/arquiel/Downloads/AI/DeepRead/harmony/entry/src/main/ets/platform_impl/FileStore.ets:123:25
 Function may throw exceptions. Special handling is required.
[39m[39m
[33mWARN: [33m[33mArkTS:WARN File: /Users/arquiel/Downloads/AI/DeepRead/harmony/entry/src/main/ets/platform_impl/FileStore.ets:128:38
 Function may throw exceptions. Special handling is required.
[39m[39m
[33mWARN: [33m[33mArkTS:WARN File: /Users/arquiel/Downloads/AI/DeepRead/harmony/entry/src/main/ets/platform_impl/FileStore.ets:130:18
 Function may throw exceptions. Special handling is required.
[39m[39m
[33mWARN: [33m[33mArkTS:WARN File: /Users/arquiel/Downloads/AI/DeepRead/harmony/entry/src/main/ets/platform_impl/FileStore.ets:137:18
 Function may throw exceptions. Special handling is required.
[39m[39m
[33mWARN: [33m[33mArkTS:WARN File: /Users/arquiel/Downloads/AI/DeepRead/harmony/entry/src/main/ets/platform_impl/FileStore.ets:161:38
 Function may throw exceptions. Special handling is required.
[39m[39m
[33mWARN: [33m[33mArkTS:WARN File: /Users/arquiel/Downloads/AI/DeepRead/harmony/entry/src/main/ets/platform_impl/FileStore.ets:163:44
 Function may throw exceptions. Special handling is required.
[39m[39m
[33mWARN: [33m[33mArkTS:WARN File: /Users/arquiel/Downloads/AI/DeepRead/harmony/entry/src/main/ets/platform_impl/FileStore.ets:164:17
 Function may throw exceptions. Special handling is required.
[39m[39m
[33mWARN: [33m[33mArkTS:WARN File: /Users/arquiel/Downloads/AI/DeepRead/harmony/entry/src/main/ets/platform_impl/FileStore.ets:180:44
 Function may throw exceptions. Special handling is required.
[39m[39m
[33mWARN: [33m[33mArkTS:WARN File: /Users/arquiel/Downloads/AI/DeepRead/harmony/entry/src/main/ets/platform_impl/FileStore.ets:182:18
 Function may throw exceptions. Special handling is required.
[39m[39m
[33mWARN: [33m[33mArkTS:WARN File: /Users/arquiel/Downloads/AI/DeepRead/harmony/entry/src/main/ets/platform_impl/FileStore.ets:186:14
 Function may throw exceptions. Special handling is required.
[39m[39m
[33mWARN: [33m[33mArkTS:WARN File: /Users/arquiel/Downloads/AI/DeepRead/harmony/entry/src/main/ets/platform_impl/FileStore.ets:189:20
 Function may throw exceptions. Special handling is required.
[39m[39m
[33mWARN: [33m[33mArkTS:WARN File: /Users/arquiel/Downloads/AI/DeepRead/harmony/entry/src/main/ets/platform_impl/FileStore.ets:196:38
 Function may throw exceptions. Special handling is required.
[39m[39m
[33mWARN: [33m[33mArkTS:WARN File: /Users/arquiel/Downloads/AI/DeepRead/harmony/entry/src/main/ets/platform_impl/CodexOAuthClient.ets:82:56
 'decode' has been deprecated.
[39m[39m
[33mWARN: [33m[33mArkTS:WARN File: /Users/arquiel/Downloads/AI/DeepRead/harmony/entry/src/main/ets/platform_impl/ArtifactPorts.ets:38:45
 The 'PATCH' API is supported since SDK version 26.0.0. However, the current compatible SDK version is 5.0.0(12).
 It is recommended to use apiAvailable to safeguard API compatibility.
[39m[39m
[33mWARN: [33m[33mArkTS:WARN File: /Users/arquiel/Downloads/AI/DeepRead/harmony/entry/src/main/ets/platform_impl/EntryDocumentParser.ets:75:63
 'parse' has been deprecated.
[39m[39m
[33mWARN: [33m[33mArkTS:WARN File: /Users/arquiel/Downloads/AI/DeepRead/harmony/entry/src/main/ets/platform_impl/EntryDocumentParser.ets:86:63
 'parse' has been deprecated.
[39m[39m
[33mWARN: [33m[33mArkTS:WARN File: /Users/arquiel/Downloads/AI/DeepRead/harmony/entry/src/main/ets/platform_impl/WebMountOAuthSupport.ets:29:30
 The system capacity of this api 'createMd' is not supported on all devices
[39m[39m
[33mWARN: [33m[33mArkTS:WARN File: /Users/arquiel/Downloads/AI/DeepRead/harmony/entry/src/main/ets/platform_impl/WebMountOAuthSupport.ets:37:31
 The system capacity of this api 'createRandom' is not supported on all devices
[39m[39m
[33mWARN: [33m[33mArkTS:WARN File: /Users/arquiel/Downloads/AI/DeepRead/harmony/entry/src/main/ets/platform_impl/WebMountOAuthSupport.ets:38:45
 The system capacity of this api 'generateRandomSync' is not supported on all devices
[39m[39m
[33mWARN: [33m[33mArkTS:WARN File: /Users/arquiel/Downloads/AI/DeepRead/harmony/entry/src/main/ets/platform_impl/GoogleAuthHttp.ets:19:75
 The system capacity of this api 'createRandom' is not supported on all devices
[39m[39m
[33mWARN: [33m[33mArkTS:WARN File: /Users/arquiel/Downloads/AI/DeepRead/harmony/entry/src/main/ets/platform_impl/GoogleAuthHttp.ets:19:90
 The system capacity of this api 'generateRandomSync' is not supported on all devices
[39m[39m
[33mWARN: [33m[33mArkTS:WARN File: /Users/arquiel/Downloads/AI/DeepRead/harmony/entry/src/main/ets/platform_impl/GoogleAuthHttp.ets:22:34
 The system capacity of this api 'createMd' is not supported on all devices
[39m[39m
[33mWARN: [33m[33mArkTS:WARN File: /Users/arquiel/Downloads/AI/DeepRead/harmony/entry/src/main/ets/platform_impl/SyncCryptoPort.ets:16:30
 The system capacity of this api 'createMd' is not supported on all devices
[39m[39m
[33mWARN: [33m[33mArkTS:WARN File: /Users/arquiel/Downloads/AI/DeepRead/harmony/entry/src/main/ets/platform_impl/SyncCryptoPort.ets:34:19
 The system capacity of this api 'createSymKeyGenerator' is not supported on all devices
[39m[39m
[33mWARN: [33m[33mArkTS:WARN File: /Users/arquiel/Downloads/AI/DeepRead/harmony/entry/src/main/ets/platform_impl/SyncCryptoPort.ets:39:34
 The system capacity of this api 'createCipher' is not supported on all devices
[39m[39m
[33mWARN: [33m[33mArkTS:WARN File: /Users/arquiel/Downloads/AI/DeepRead/harmony/entry/src/main/ets/platform_impl/SyncCryptoPort.ets:46:35
 The system capacity of this api 'CryptoMode' is not supported on all devices
[39m[39m
[33mWARN: [33m[33mArkTS:WARN File: /Users/arquiel/Downloads/AI/DeepRead/harmony/entry/src/main/ets/platform_impl/SyncCryptoPort.ets:46:46
 The system capacity of this api 'ENCRYPT_MODE' is not supported on all devices
[39m[39m
[33mWARN: [33m[33mArkTS:WARN File: /Users/arquiel/Downloads/AI/DeepRead/harmony/entry/src/main/ets/platform_impl/SyncCryptoPort.ets:48:10
 The system capacity of this api 'authTag' is not supported on all devices
[39m[39m
[33mWARN: [33m[33mArkTS:WARN File: /Users/arquiel/Downloads/AI/DeepRead/harmony/entry/src/main/ets/platform_impl/SyncCryptoPort.ets:49:71
 The system capacity of this api 'authTag' is not supported on all devices
[39m[39m
[33mWARN: [33m[33mArkTS:WARN File: /Users/arquiel/Downloads/AI/DeepRead/harmony/entry/src/main/ets/platform_impl/SyncCryptoPort.ets:65:34
 The system capacity of this api 'createCipher' is not supported on all devices
[39m[39m
[33mWARN: [33m[33mArkTS:WARN File: /Users/arquiel/Downloads/AI/DeepRead/harmony/entry/src/main/ets/platform_impl/SyncCryptoPort.ets:66:35
 The system capacity of this api 'CryptoMode' is not supported on all devices
[39m[39m
[33mWARN: [33m[33mArkTS:WARN File: /Users/arquiel/Downloads/AI/DeepRead/harmony/entry/src/main/ets/platform_impl/SyncCryptoPort.ets:66:46
 The system capacity of this api 'DECRYPT_MODE' is not supported on all devices
[39m[39m
[33mWARN: [33m[33mArkTS:WARN File: /Users/arquiel/Downloads/AI/DeepRead/harmony/entry/src/main/ets/platform_impl/SyncCryptoPort.ets:128:33
 The system capacity of this api 'createRandom' is not supported on all devices
[39m[39m
[33mWARN: [33m[33mArkTS:WARN File: /Users/arquiel/Downloads/AI/DeepRead/harmony/entry/src/main/ets/platform_impl/SyncCryptoPort.ets:129:47
 The system capacity of this api 'generateRandomSync' is not supported on all devices
[39m[39m
[33mWARN: [33m[33mArkTS:WARN File: /Users/arquiel/Downloads/AI/DeepRead/harmony/entry/src/main/ets/platform_impl/SoulTools.ets:55:45
 'decode' has been deprecated.
[39m[39m
[33mWARN: [33m[33mArkTS:WARN File: /Users/arquiel/Downloads/AI/DeepRead/harmony/entry/src/main/ets/platform_impl/GoogleRS256Signer.ets:28:65
 The system capacity of this api 'createAsyKeyGenerator' is not supported on all devices
[39m[39m
[33mWARN: [33m[33mArkTS:WARN File: /Users/arquiel/Downloads/AI/DeepRead/harmony/entry/src/main/ets/platform_impl/GoogleRS256Signer.ets:29:8
 The system capacity of this api 'convertKey' is not supported on all devices
[39m[39m
[33mWARN: [33m[33mArkTS:WARN File: /Users/arquiel/Downloads/AI/DeepRead/harmony/entry/src/main/ets/platform_impl/GoogleRS256Signer.ets:30:23
 The system capacity of this api 'priKey' is not supported on all devices
[39m[39m
[33mWARN: [33m[33mArkTS:WARN File: /Users/arquiel/Downloads/AI/DeepRead/harmony/entry/src/main/ets/platform_impl/GoogleRS256Signer.ets:32:58
 The system capacity of this api 'createSign' is not supported on all devices
[39m[39m
[33mWARN: [33m[33mArkTS:WARN File: /Users/arquiel/Downloads/AI/DeepRead/harmony/entry/src/main/ets/platform_impl/GoogleRS256Signer.ets:33:18
 The system capacity of this api 'init' is not supported on all devices
[39m[39m
[33mWARN: [33m[33mArkTS:WARN File: /Users/arquiel/Downloads/AI/DeepRead/harmony/entry/src/main/ets/platform_impl/GoogleRS256Signer.ets:35:62
 The system capacity of this api 'sign' is not supported on all devices
[39m[39m
[33mWARN: [33m[33mArkTS:WARN File: /Users/arquiel/Downloads/AI/DeepRead/harmony/entry/src/main/ets/platform_impl/GoogleRS256Signer.ets:37:27
 The system capacity of this api 'clearMem' is not supported on all devices
[39m[39m
[33mWARN: [33m[33mArkTS:WARN File: /Users/arquiel/Downloads/AI/DeepRead/harmony/entry/src/main/ets/platform_impl/ChatRdbRepository.ets:118:17
 Function may throw exceptions. Special handling is required.
[39m[39m
[33mWARN: [33m[33mArkTS:WARN File: /Users/arquiel/Downloads/AI/DeepRead/harmony/entry/src/main/ets/platform_impl/ChatRdbRepository.ets:122:17
 Function may throw exceptions. Special handling is required.
[39m[39m
[33mWARN: [33m[33mArkTS:WARN File: /Users/arquiel/Downloads/AI/DeepRead/harmony/entry/src/main/ets/platform_impl/ChatRdbRepository.ets:124:19
 Function may throw exceptions. Special handling is required.
[39m[39m
[33mWARN: [33m[33mArkTS:WARN File: /Users/arquiel/Downloads/AI/DeepRead/harmony/entry/src/main/ets/platform_impl/ChatRdbRepository.ets:133:11
 Function may throw exceptions. Special handling is required.
[39m[39m
[33mWARN: [33m[33mArkTS:WARN File: /Users/arquiel/Downloads/AI/DeepRead/harmony/entry/src/main/ets/platform_impl/ChatRdbRepository.ets:136:13
 Function may throw exceptions. Special handling is required.
[39m[39m
[33mWARN: [33m[33mArkTS:WARN File: /Users/arquiel/Downloads/AI/DeepRead/harmony/entry/src/main/ets/platform_impl/ChatRdbRepository.ets:149:35
 Function may throw exceptions. Special handling is required.
[39m[39m
[33mWARN: [33m[33mArkTS:WARN File: /Users/arquiel/Downloads/AI/DeepRead/harmony/entry/src/main/ets/platform_impl/ChatRdbRepository.ets:152:41
 Function may throw exceptions. Special handling is required.
[39m[39m
[33mWARN: [33m[33mArkTS:WARN File: /Users/arquiel/Downloads/AI/DeepRead/harmony/entry/src/main/ets/platform_impl/ChatRdbRepository.ets:153:24
 Function may throw exceptions. Special handling is required.
[39m[39m
[33mWARN: [33m[33mArkTS:WARN File: /Users/arquiel/Downloads/AI/DeepRead/harmony/entry/src/main/ets/platform_impl/ChatRdbRepository.ets:154:32
 Function may throw exceptions. Special handling is required.
[39m[39m
[33mWARN: [33m[33mArkTS:WARN File: /Users/arquiel/Downloads/AI/DeepRead/harmony/entry/src/main/ets/platform_impl/ChatRdbRepository.ets:157:17
 Function may throw exceptions. Special handling is required.
[39m[39m
[33mWARN: [33m[33mArkTS:WARN File: /Users/arquiel/Downloads/AI/DeepRead/harmony/entry/src/main/ets/platform_impl/ChatRdbRepository.ets:161:21
 Function may throw exceptions. Special handling is required.
[39m[39m
[33mWARN: [33m[33mArkTS:WARN File: /Users/arquiel/Downloads/AI/DeepRead/harmony/entry/src/main/ets/platform_impl/ChatRdbRepository.ets:221:28
 Function may throw exceptions. Special handling is required.
[39m[39m
[33mWARN: [33m[33mArkTS:WARN File: /Users/arquiel/Downloads/AI/DeepRead/harmony/entry/src/main/ets/platform_impl/ChatRdbRepository.ets:224:17
 Function may throw exceptions. Special handling is required.
[39m[39m
[33mWARN: [33m[33mArkTS:WARN File: /Users/arquiel/Downloads/AI/DeepRead/harmony/entry/src/main/ets/platform_impl/ChatRdbRepository.ets:226:18
 Function may throw exceptions. Special handling is required.
[39m[39m
[33mWARN: [33m[33mArkTS:WARN File: /Users/arquiel/Downloads/AI/DeepRead/harmony/entry/src/main/ets/platform_impl/ChatRdbRepository.ets:227:28
 Function may throw exceptions. Special handling is required.
[39m[39m
[33mWARN: [33m[33mArkTS:WARN File: /Users/arquiel/Downloads/AI/DeepRead/harmony/entry/src/main/ets/platform_impl/ChatRdbRepository.ets:228:21
 Function may throw exceptions. Special handling is required.
[39m[39m
[33mWARN: [33m[33mArkTS:WARN File: /Users/arquiel/Downloads/AI/DeepRead/harmony/entry/src/main/ets/platform_impl/ChatRdbRepository.ets:229:25
 Function may throw exceptions. Special handling is required.
[39m[39m
[33mWARN: [33m[33mArkTS:WARN File: /Users/arquiel/Downloads/AI/DeepRead/harmony/entry/src/main/ets/platform_impl/ChatRdbRepository.ets:230:25
 Function may throw exceptions. Special handling is required.
[39m[39m
[33mWARN: [33m[33mArkTS:WARN File: /Users/arquiel/Downloads/AI/DeepRead/harmony/entry/src/main/ets/platform_impl/ChatRdbRepository.ets:231:27
 Function may throw exceptions. Special handling is required.
[39m[39m
[33mWARN: [33m[33mArkTS:WARN File: /Users/arquiel/Downloads/AI/DeepRead/harmony/entry/src/main/ets/platform_impl/ChatRdbRepository.ets:232:25
 Function may throw exceptions. Special handling is required.
[39m[39m
[33mWARN: [33m[33mArkTS:WARN File: /Users/arquiel/Downloads/AI/DeepRead/harmony/entry/src/main/ets/platform_impl/ChatRdbRepository.ets:233:34
 Function may throw exceptions. Special handling is required.
[39m[39m
[33mWARN: [33m[33mArkTS:WARN File: /Users/arquiel/Downloads/AI/DeepRead/harmony/entry/src/main/ets/platform_impl/ChatRdbRepository.ets:238:10
 Function may throw exceptions. Special handling is required.
[39m[39m
[33mWARN: [33m[33mArkTS:WARN File: /Users/arquiel/Downloads/AI/DeepRead/harmony/entry/src/main/ets/platform_impl/ChatRdbRepository.ets:269:28
 Function may throw exceptions. Special handling is required.
[39m[39m
[33mWARN: [33m[33mArkTS:WARN File: /Users/arquiel/Downloads/AI/DeepRead/harmony/entry/src/main/ets/platform_impl/ChatRdbRepository.ets:272:17
 Function may throw exceptions. Special handling is required.
[39m[39m
[33mWARN: [33m[33mArkTS:WARN File: /Users/arquiel/Downloads/AI/DeepRead/harmony/entry/src/main/ets/platform_impl/ChatRdbRepository.ets:274:18
 Function may throw exceptions. Special handling is required.
[39m[39m
[33mWARN: [33m[33mArkTS:WARN File: /Users/arquiel/Downloads/AI/DeepRead/harmony/entry/src/main/ets/platform_impl/ChatRdbRepository.ets:275:31
 Function may throw exceptions. Special handling is required.
[39m[39m
[33mWARN: [33m[33mArkTS:WARN File: /Users/arquiel/Downloads/AI/DeepRead/harmony/entry/src/main/ets/platform_impl/ChatRdbRepository.ets:276:26
 Function may throw exceptions. Special handling is required.
[39m[39m
[33mWARN: [33m[33mArkTS:WARN File: /Users/arquiel/Downloads/AI/DeepRead/harmony/entry/src/main/ets/platform_impl/ChatRdbRepository.ets:277:24
 Function may throw exceptions. Special handling is required.
[39m[39m
[33mWARN: [33m[33mArkTS:WARN File: /Users/arquiel/Downloads/AI/DeepRead/harmony/entry/src/main/ets/platform_impl/ChatRdbRepository.ets:278:28
 Function may throw exceptions. Special handling is required.
[39m[39m
[33mWARN: [33m[33mArkTS:WARN File: /Users/arquiel/Downloads/AI/DeepRead/harmony/entry/src/main/ets/platform_impl/ChatRdbRepository.ets:283:10
 Function may throw exceptions. Special handling is required.
[39m[39m
[33mWARN: [33m[33mArkTS:WARN File: /Users/arquiel/Downloads/AI/DeepRead/harmony/entry/src/main/ets/platform_impl/ChatRdbRepository.ets:291:28
 Function may throw exceptions. Special handling is required.
[39m[39m
[33mWARN: [33m[33mArkTS:WARN File: /Users/arquiel/Downloads/AI/DeepRead/harmony/entry/src/main/ets/platform_impl/ChatRdbRepository.ets:294:14
 Function may throw exceptions. Special handling is required.
[39m[39m
[33mWARN: [33m[33mArkTS:WARN File: /Users/arquiel/Downloads/AI/DeepRead/harmony/entry/src/main/ets/platform_impl/ChatRdbRepository.ets:294:39
 Function may throw exceptions. Special handling is required.
[39m[39m
[33mWARN: [33m[33mArkTS:WARN File: /Users/arquiel/Downloads/AI/DeepRead/harmony/entry/src/main/ets/platform_impl/ChatRdbRepository.ets:297:10
 Function may throw exceptions. Special handling is required.
[39m[39m
[33mWARN: [33m[33mArkTS:WARN File: /Users/arquiel/Downloads/AI/DeepRead/harmony/entry/src/main/ets/platform_impl/ChatRdbRepository.ets:505:28
 Function may throw exceptions. Special handling is required.
[39m[39m
[33mWARN: [33m[33mArkTS:WARN File: /Users/arquiel/Downloads/AI/DeepRead/harmony/entry/src/main/ets/platform_impl/ChatRdbRepository.ets:507:17
 Function may throw exceptions. Special handling is required.
[39m[39m
[33mWARN: [33m[33mArkTS:WARN File: /Users/arquiel/Downloads/AI/DeepRead/harmony/entry/src/main/ets/platform_impl/ChatRdbRepository.ets:508:35
 Function may throw exceptions. Special handling is required.
[39m[39m
[33mWARN: [33m[33mArkTS:WARN File: /Users/arquiel/Downloads/AI/DeepRead/harmony/entry/src/main/ets/platform_impl/ChatRdbRepository.ets:509:38
 Function may throw exceptions. Special handling is required.
[39m[39m
[33mWARN: [33m[33mArkTS:WARN File: /Users/arquiel/Downloads/AI/DeepRead/harmony/entry/src/main/ets/platform_impl/ChatRdbRepository.ets:512:60
 Function may throw exceptions. Special handling is required.
[39m[39m
[33mWARN: [33m[33mArkTS:WARN File: /Users/arquiel/Downloads/AI/DeepRead/harmony/entry/src/main/ets/platform_impl/ChatRdbRepository.ets:518:10
 Function may throw exceptions. Special handling is required.
[39m[39m
[33mWARN: [33m[33mArkTS:WARN File: /Users/arquiel/Downloads/AI/DeepRead/harmony/entry/src/main/ets/platform_impl/McpFilesStore.ets:52:44
 Function may throw exceptions. Special handling is required.
[39m[39m
[33mWARN: [33m[33mArkTS:WARN File: /Users/arquiel/Downloads/AI/DeepRead/harmony/entry/src/main/ets/platform_impl/McpFilesStore.ets:56:20
 Function may throw exceptions. Special handling is required.
[39m[39m
[33mWARN: [33m[33mArkTS:WARN File: /Users/arquiel/Downloads/AI/DeepRead/harmony/entry/src/main/ets/platform_impl/McpFilesStore.ets:58:20
 Function may throw exceptions. Special handling is required.
[39m[39m
[33mWARN: [33m[33mArkTS:WARN File: /Users/arquiel/Downloads/AI/DeepRead/harmony/entry/src/main/ets/platform_impl/RecipeStore.ets:30:30
 The system capacity of this api 'createMd' is not supported on all devices
[39m[39m
[33mWARN: [33m[33mArkTS:WARN File: /Users/arquiel/Downloads/AI/DeepRead/harmony/entry/src/main/ets/platform_impl/RecipeStore.ets:52:17
 Function may throw exceptions. Special handling is required.
[39m[39m
[33mWARN: [33m[33mArkTS:WARN File: /Users/arquiel/Downloads/AI/DeepRead/harmony/entry/src/main/ets/platform_impl/RecipeStore.ets:53:17
 Function may throw exceptions. Special handling is required.
[39m[39m
[33mWARN: [33m[33mArkTS:WARN File: /Users/arquiel/Downloads/AI/DeepRead/harmony/entry/src/main/ets/platform_impl/RecipeStore.ets:53:37
 Function may throw exceptions. Special handling is required.
[39m[39m
[33mWARN: [33m[33mArkTS:WARN File: /Users/arquiel/Downloads/AI/DeepRead/harmony/entry/src/main/ets/platform_impl/RecipeStore.ets:54:64
 Function may throw exceptions. Special handling is required.
[39m[39m
[33mWARN: [33m[33mArkTS:WARN File: /Users/arquiel/Downloads/AI/DeepRead/harmony/entry/src/main/ets/platform_impl/RecipeStore.ets:56:54
 Function may throw exceptions. Special handling is required.
[39m[39m
[33mWARN: [33m[33mArkTS:WARN File: /Users/arquiel/Downloads/AI/DeepRead/harmony/entry/src/main/ets/platform_impl/RecipeStore.ets:71:17
 Function may throw exceptions. Special handling is required.
[39m[39m
[33mWARN: [33m[33mArkTS:WARN File: /Users/arquiel/Downloads/AI/DeepRead/harmony/entry/src/main/ets/platform_impl/RecipeStore.ets:72:17
 Function may throw exceptions. Special handling is required.
[39m[39m
[33mWARN: [33m[33mArkTS:WARN File: /Users/arquiel/Downloads/AI/DeepRead/harmony/entry/src/main/ets/platform_impl/RecipeStore.ets:72:37
 Function may throw exceptions. Special handling is required.
[39m[39m
[33mWARN: [33m[33mArkTS:WARN File: /Users/arquiel/Downloads/AI/DeepRead/harmony/entry/src/main/ets/platform_impl/RecipeStore.ets:74:31
 Function may throw exceptions. Special handling is required.
[39m[39m
[33mWARN: [33m[33mArkTS:WARN File: /Users/arquiel/Downloads/AI/DeepRead/harmony/entry/src/main/ets/platform_impl/RecipePageLaunch.ets:60:16
 'pushUrl' has been deprecated.
[39m[39m
[33mWARN: [33m[33mArkTS:WARN File: /Users/arquiel/Downloads/AI/DeepRead/harmony/entry/src/main/ets/platform_impl/PluginArchive.ets:21:50
 The system capacity of this api 'createMd' is not supported on all devices
[39m[39m
[33mWARN: [33m[33mArkTS:WARN File: /Users/arquiel/Downloads/AI/DeepRead/harmony/entry/src/main/ets/platform_impl/PluginArchive.ets:96:31
 The system capacity of this api 'AsyKeySpecType' is not supported on all devices
[39m[39m
[33mWARN: [33m[33mArkTS:WARN File: /Users/arquiel/Downloads/AI/DeepRead/harmony/entry/src/main/ets/platform_impl/PluginArchive.ets:96:46
 The system capacity of this api 'PUBLIC_KEY_SPEC' is not supported on all devices
[39m[39m
[33mWARN: [33m[33mArkTS:WARN File: /Users/arquiel/Downloads/AI/DeepRead/harmony/entry/src/main/ets/platform_impl/PluginArchive.ets:97:67
 The system capacity of this api 'createAsyKeyGeneratorBySpec' is not supported on all devices
[39m[39m
[33mWARN: [33m[33mArkTS:WARN File: /Users/arquiel/Downloads/AI/DeepRead/harmony/entry/src/main/ets/platform_impl/PluginArchive.ets:97:101
 The system capacity of this api 'generatePubKey' is not supported on all devices
[39m[39m
[33mWARN: [33m[33mArkTS:WARN File: /Users/arquiel/Downloads/AI/DeepRead/harmony/entry/src/main/ets/platform_impl/PluginArchive.ets:98:60
 The system capacity of this api 'createVerify' is not supported on all devices
[39m[39m
[33mWARN: [33m[33mArkTS:WARN File: /Users/arquiel/Downloads/AI/DeepRead/harmony/entry/src/main/ets/platform_impl/PluginArchive.ets:99:18
 The system capacity of this api 'init' is not supported on all devices
[39m[39m
[33mWARN: [33m[33mArkTS:WARN File: /Users/arquiel/Downloads/AI/DeepRead/harmony/entry/src/main/ets/platform_impl/PluginArchive.ets:100:23
 The system capacity of this api 'verify' is not supported on all devices
[39m[39m
[33mWARN: [33m[33mArkTS:WARN File: /Users/arquiel/Downloads/AI/DeepRead/harmony/entry/src/main/ets/platform_impl/PluginStore.ets:220:29
 Function may throw exceptions. Special handling is required.
[39m[39m
[33mWARN: [33m[33mArkTS:WARN File: /Users/arquiel/Downloads/AI/DeepRead/harmony/entry/src/main/ets/platform_impl/PluginPageLaunch.ets:48:16
 'pushUrl' has been deprecated.
[39m[39m
[33mWARN: [33m[33mArkTS:WARN File: /Users/arquiel/Downloads/AI/DeepRead/harmony/entry/src/main/ets/platform_impl/AgentCronStore.ets:108:56
 'encode' has been deprecated.
[39m[39m
[33mWARN: [33m[33mArkTS:WARN File: /Users/arquiel/Downloads/AI/DeepRead/harmony/entry/src/main/ets/platform_impl/SubAgentStore.ets:82:56
 'encode' has been deprecated.
[39m[39m
[33mWARN: [33m[33mArkTS:WARN File: /Users/arquiel/Downloads/AI/DeepRead/harmony/entry/src/main/ets/platform_impl/MiniAppFiles.ets:158:44
 Function may throw exceptions. Special handling is required.
[39m[39m
[33mWARN: [33m[33mArkTS:WARN File: /Users/arquiel/Downloads/AI/DeepRead/harmony/entry/src/main/ets/platform_impl/MiniAppFiles.ets:160:20
 Function may throw exceptions. Special handling is required.
[39m[39m
[33mWARN: [33m[33mArkTS:WARN File: /Users/arquiel/Downloads/AI/DeepRead/harmony/entry/src/main/ets/platform_impl/MiniAppFiles.ets:162:20
 Function may throw exceptions. Special handling is required.
[39m[39m
[33mWARN: [33m[33mArkTS:WARN File: /Users/arquiel/Downloads/AI/DeepRead/harmony/entry/src/main/ets/platform_impl/MiniAppFiles.ets:173:20
 Function may throw exceptions. Special handling is required.
[39m[39m
[33mWARN: [33m[33mArkTS:WARN File: /Users/arquiel/Downloads/AI/DeepRead/harmony/entry/src/main/ets/platform_impl/MiniAppPlatform.ets:107:30
 The system capacity of this api 'createMd' is not supported on all devices
[39m[39m
[33mWARN: [33m[33mArkTS:WARN File: /Users/arquiel/Downloads/AI/DeepRead/harmony/entry/src/main/ets/design/fonts.ets:35:12
 'registerFont' has been deprecated.
[39m[39m
[33mWARN: [33m[33mArkTS:WARN File: /Users/arquiel/Downloads/AI/DeepRead/harmony/entry/src/main/ets/design/DeepReadDesign.ets:22:12
 'registerFont' has been deprecated.
[39m[39m
[33mWARN: [33m[33mArkTS:WARN File: /Users/arquiel/Downloads/AI/DeepRead/harmony/entry/src/main/ets/platform_impl/MacGatewayClient.ets:211:40
 Function may throw exceptions. Special handling is required.
[39m[39m
[33mWARN: [33m[33mArkTS:WARN File: /Users/arquiel/Downloads/AI/DeepRead/harmony/entry/src/main/ets/platform_impl/SSHRuntimeFixture.ets:157:44
 Function may throw exceptions. Special handling is required.
[39m[39m
[33mWARN: [33m[33mArkTS:WARN File: /Users/arquiel/Downloads/AI/DeepRead/harmony/entry/src/main/ets/platform_impl/SSHRuntimeFixture.ets:192:38
 Function may throw exceptions. Special handling is required.
[39m[39m
[33mWARN: [33m[33mArkTS:WARN File: /Users/arquiel/Downloads/AI/DeepRead/harmony/entry/src/main/ets/entryability/EntryAbility.ets:44:17
 This API is unavailable to phone, tablet.
[39m[39m
[33mWARN: [33m[33mArkTS:WARN File: /Users/arquiel/Downloads/AI/DeepRead/harmony/entry/src/main/ets/components/DeepReadNewsroomCard.ets:36:43
 The 'fill' API is supported since SDK version 26.0.0. However, the current compatible SDK version is 5.0.0(12).
 It is recommended to use apiAvailable to safeguard API compatibility.
[39m[39m
[33mWARN: [33m[33mArkTS:WARN File: /Users/arquiel/Downloads/AI/DeepRead/harmony/entry/src/main/ets/components/deepread/DeepReadTabBar.ets:77:46
 'getLength' has been deprecated.
[39m[39m
[33mWARN: [33m[33mArkTS:WARN File: /Users/arquiel/Downloads/AI/DeepRead/harmony/entry/src/main/ets/components/deepread/DeepReadTabBar.ets:87:51
 Function may throw exceptions. Special handling is required.
[39m[39m
[33mWARN: [33m[33mArkTS:WARN File: /Users/arquiel/Downloads/AI/DeepRead/harmony/entry/src/main/ets/components/deepread/DeepReadTabBar.ets:95:20
 'showToast' has been deprecated.
[39m[39m
[33mWARN: [33m[33mArkTS:WARN File: /Users/arquiel/Downloads/AI/DeepRead/harmony/entry/src/main/ets/components/deepread/DeepReadSettingsVisual.ets:15:45
 'back' has been deprecated.
[39m[39m
[33mWARN: [33m[33mArkTS:WARN File: /Users/arquiel/Downloads/AI/DeepRead/harmony/entry/src/main/ets/components/deepread/DeepReadComposerSheet.ets:29:48
 'back' has been deprecated.
[39m[39m
[33mWARN: [33m[33mArkTS:WARN File: /Users/arquiel/Downloads/AI/DeepRead/harmony/entry/src/main/ets/components/deepread/DeepReadComposerSheet.ets:31:18
 'replaceUrl' has been deprecated.
[39m[39m
[33mWARN: [33m[33mArkTS:WARN File: /Users/arquiel/Downloads/AI/DeepRead/harmony/entry/src/main/ets/components/deepread/DeepReadDiscoveryShake.ets:185:37
 The 'fill' API is supported since SDK version 26.0.0. However, the current compatible SDK version is 5.0.0(12).
 It is recommended to use apiAvailable to safeguard API compatibility.
[39m[39m
[33mWARN: [33m[33mArkTS:WARN File: /Users/arquiel/Downloads/AI/DeepRead/harmony/entry/src/main/ets/components/PageTemplate.ets:31:45
 'back' has been deprecated.
[39m[39m
[33mWARN: [33m[33mArkTS:WARN File: /Users/arquiel/Downloads/AI/DeepRead/harmony/entry/src/main/ets/components/PageTemplate.ets:207:7
 'animateTo' has been deprecated.
[39m[39m
[33mWARN: [33m[33mArkTS:WARN File: /Users/arquiel/Downloads/AI/DeepRead/harmony/entry/src/main/ets/components/PageTemplate.ets:242:7
 'animateTo' has been deprecated.
[39m[39m
[33mWARN: [33m[33mArkTS:WARN File: /Users/arquiel/Downloads/AI/DeepRead/harmony/entry/src/main/ets/components/PageTemplate.ets:385:9
 'animateTo' has been deprecated.
[39m[39m
[33mWARN: [33m[33mArkTS:WARN File: /Users/arquiel/Downloads/AI/DeepRead/harmony/entry/src/main/ets/components/PageTemplate.ets:503:9
 'animateTo' has been deprecated.
[39m[39m
[33mWARN: [33m[33mArkTS:WARN File: /Users/arquiel/Downloads/AI/DeepRead/harmony/entry/src/main/ets/components/PageTemplate.ets:543:45
 'back' has been deprecated.
[39m[39m
[33mWARN: [33m[33mArkTS:WARN File: /Users/arquiel/Downloads/AI/DeepRead/harmony/entry/src/main/ets/components/PageTemplate.ets:912:9
 'animateTo' has been deprecated.
[39m[39m
[33mWARN: [33m[33mArkTS:WARN File: /Users/arquiel/Downloads/AI/DeepRead/harmony/entry/src/main/ets/pages/BoardPage.ets:75:5
 'animateTo' has been deprecated.
[39m[39m
[33mWARN: [33m[33mArkTS:WARN File: /Users/arquiel/Downloads/AI/DeepRead/harmony/entry/src/main/ets/pages/BoardPage.ets:103:7
 'animateTo' has been deprecated.
[39m[39m
[33mWARN: [33m[33mArkTS:WARN File: /Users/arquiel/Downloads/AI/DeepRead/harmony/entry/src/main/ets/pages/BoardPage.ets:161:11
 'animateTo' has been deprecated.
[39m[39m
[33mWARN: [33m[33mArkTS:WARN File: /Users/arquiel/Downloads/AI/DeepRead/harmony/entry/src/main/ets/pages/BoardPage.ets:276:5
 'animateTo' has been deprecated.
[39m[39m
[33mWARN: [33m[33mArkTS:WARN File: /Users/arquiel/Downloads/AI/DeepRead/harmony/entry/src/main/ets/pages/BoardPage.ets:319:12
 'pushUrl' has been deprecated.
[39m[39m
[33mWARN: [33m[33mArkTS:WARN File: /Users/arquiel/Downloads/AI/DeepRead/harmony/entry/src/main/ets/pages/BoardPage.ets:393:5
 'animateTo' has been deprecated.
[39m[39m
[33mWARN: [33m[33mArkTS:WARN File: /Users/arquiel/Downloads/AI/DeepRead/harmony/entry/src/main/ets/pages/BoardPage.ets:460:9
 'animateTo' has been deprecated.
[39m[39m
[33mWARN: [33m[33mArkTS:WARN File: /Users/arquiel/Downloads/AI/DeepRead/harmony/entry/src/main/ets/pages/BoardPage.ets:495:12
 'pushUrl' has been deprecated.
[39m[39m
[33mWARN: [33m[33mArkTS:WARN File: /Users/arquiel/Downloads/AI/DeepRead/harmony/entry/src/main/ets/pages/BoardPage.ets:503:44
 'getContext' has been deprecated.
[39m[39m
[33mWARN: [33m[33mArkTS:WARN File: /Users/arquiel/Downloads/AI/DeepRead/harmony/entry/src/main/ets/pages/BoardPage.ets:509:22
 'showToast' has been deprecated.
[39m[39m
[33mWARN: [33m[33mArkTS:WARN File: /Users/arquiel/Downloads/AI/DeepRead/harmony/entry/src/main/ets/pages/BoardPage.ets:512:20
 'showToast' has been deprecated.
[39m[39m
[33mWARN: [33m[33mArkTS:WARN File: /Users/arquiel/Downloads/AI/DeepRead/harmony/entry/src/main/ets/pages/BoardPage.ets:512:20
 Function may throw exceptions. Special handling is required.
[39m[39m
[33mWARN: [33m[33mArkTS:WARN File: /Users/arquiel/Downloads/AI/DeepRead/harmony/entry/src/main/ets/pages/BoardPage.ets:522:20
 'showToast' has been deprecated.
[39m[39m
[33mWARN: [33m[33mArkTS:WARN File: /Users/arquiel/Downloads/AI/DeepRead/harmony/entry/src/main/ets/pages/BoardPage.ets:524:20
 'showToast' has been deprecated.
[39m[39m
[33mWARN: [33m[33mArkTS:WARN File: /Users/arquiel/Downloads/AI/DeepRead/harmony/entry/src/main/ets/pages/BoardPage.ets:524:20
 Function may throw exceptions. Special handling is required.
[39m[39m
[33mWARN: [33m[33mArkTS:WARN File: /Users/arquiel/Downloads/AI/DeepRead/harmony/entry/src/main/ets/pages/BoardPage.ets:644:55
 'pushUrl' has been deprecated.
[39m[39m
[33mWARN: [33m[33mArkTS:WARN File: /Users/arquiel/Downloads/AI/DeepRead/harmony/entry/src/main/ets/pages/BoardPage.ets:645:23
 'back' has been deprecated.
[39m[39m
[33mWARN: [33m[33mArkTS:WARN File: /Users/arquiel/Downloads/AI/DeepRead/harmony/entry/src/main/ets/pages/BoardPage.ets:655:39
 'pushUrl' has been deprecated.
[39m[39m
[33mWARN: [33m[33mArkTS:WARN File: /Users/arquiel/Downloads/AI/DeepRead/harmony/entry/src/main/ets/pages/BoardPage.ets:664:39
 'pushUrl' has been deprecated.
[39m[39m
[33mWARN: [33m[33mArkTS:WARN File: /Users/arquiel/Downloads/AI/DeepRead/harmony/entry/src/main/ets/pages/BoardPage.ets:769:12
 'pushUrl' has been deprecated.
[39m[39m
[33mWARN: [33m[33mArkTS:WARN File: /Users/arquiel/Downloads/AI/DeepRead/harmony/entry/src/main/ets/pages/BoardPage.ets:802:22
 'pushUrl' has been deprecated.
[39m[39m
[33mWARN: [33m[33mArkTS:WARN File: /Users/arquiel/Downloads/AI/DeepRead/harmony/entry/src/main/ets/pages/BoardPage.ets:992:11
 'animateTo' has been deprecated.
[39m[39m
[33mWARN: [33m[33mArkTS:WARN File: /Users/arquiel/Downloads/AI/DeepRead/harmony/entry/src/main/ets/pages/BoardPage.ets:1042:7
 'animateTo' has been deprecated.
[39m[39m
[33mWARN: [33m[33mArkTS:WARN File: /Users/arquiel/Downloads/AI/DeepRead/harmony/entry/src/main/ets/pages/BoardPage.ets:1067:60
 'getLength' has been deprecated.
[39m[39m
[33mWARN: [33m[33mArkTS:WARN File: /Users/arquiel/Downloads/AI/DeepRead/harmony/entry/src/main/ets/pages/BoardPage.ets:1074:19
 Function may throw exceptions. Special handling is required.
[39m[39m
[33mWARN: [33m[33mArkTS:WARN File: /Users/arquiel/Downloads/AI/DeepRead/harmony/entry/src/main/ets/components/deepread/DeepReadLibraryCard.ets:59:39
 The 'fill' API is supported since SDK version 26.0.0. However, the current compatible SDK version is 5.0.0(12).
 It is recommended to use apiAvailable to safeguard API compatibility.
[39m[39m
[33mWARN: [33m[33mArkTS:WARN File: /Users/arquiel/Downloads/AI/DeepRead/harmony/entry/src/main/ets/pages/DeepReadHistoryPage.ets:147:62
 'getParams' has been deprecated.
[39m[39m
[33mWARN: [33m[33mArkTS:WARN File: /Users/arquiel/Downloads/AI/DeepRead/harmony/entry/src/main/ets/pages/DeepReadHistoryPage.ets:148:49
 'getLength' has been deprecated.
[39m[39m
[33mWARN: [33m[33mArkTS:WARN File: /Users/arquiel/Downloads/AI/DeepRead/harmony/entry/src/main/ets/pages/DeepReadHistoryPage.ets:333:12
 'pushUrl' has been deprecated.
[39m[39m
[33mWARN: [33m[33mArkTS:WARN File: /Users/arquiel/Downloads/AI/DeepRead/harmony/entry/src/main/ets/pages/DeepReadHistoryPage.ets:333:12
 Function may throw exceptions. Special handling is required.
[39m[39m
[33mWARN: [33m[33mArkTS:WARN File: /Users/arquiel/Downloads/AI/DeepRead/harmony/entry/src/main/ets/pages/DeepReadHistoryPage.ets:343:12
 'pushUrl' has been deprecated.
[39m[39m
[33mWARN: [33m[33mArkTS:WARN File: /Users/arquiel/Downloads/AI/DeepRead/harmony/entry/src/main/ets/pages/DeepReadHistoryPage.ets:353:22
 'pushUrl' has been deprecated.
[39m[39m
[33mWARN: [33m[33mArkTS:WARN File: /Users/arquiel/Downloads/AI/DeepRead/harmony/entry/src/main/ets/pages/DeepReadHistoryPage.ets:535:60
 'getLength' has been deprecated.
[39m[39m
[33mWARN: [33m[33mArkTS:WARN File: /Users/arquiel/Downloads/AI/DeepRead/harmony/entry/src/main/ets/pages/DeepReadHistoryPage.ets:542:19
 Function may throw exceptions. Special handling is required.
[39m[39m
[33mWARN: [33m[33mArkTS:WARN File: /Users/arquiel/Downloads/AI/DeepRead/harmony/entry/src/main/ets/components/deepread/DeepReadSettingsForm.ets:64:12
 'pushUrl' has been deprecated.
[39m[39m
[33mWARN: [33m[33mArkTS:WARN File: /Users/arquiel/Downloads/AI/DeepRead/harmony/entry/src/main/ets/components/deepread/DeepReadSettingsForm.ets:64:12
 Function may throw exceptions. Special handling is required.
[39m[39m
[33mWARN: [33m[33mArkTS:WARN File: /Users/arquiel/Downloads/AI/DeepRead/harmony/entry/src/main/ets/components/deepread/DeepReadSettingsForm.ets:172:45
 The 'fill' API is supported since SDK version 26.0.0. However, the current compatible SDK version is 5.0.0(12).
 It is recommended to use apiAvailable to safeguard API compatibility.
[39m[39m
[33mWARN: [33m[33mArkTS:WARN File: /Users/arquiel/Downloads/AI/DeepRead/harmony/entry/src/main/ets/components/deepread/DeepReadSettingsForm.ets:173:18
 The 'stroke' API is supported since SDK version 26.0.0. However, the current compatible SDK version is 5.0.0(12).
 It is recommended to use apiAvailable to safeguard API compatibility.
[39m[39m
[33mWARN: [33m[33mArkTS:WARN File: /Users/arquiel/Downloads/AI/DeepRead/harmony/entry/src/main/ets/components/deepread/DeepReadSettingsForm.ets:178:45
 The 'fill' API is supported since SDK version 26.0.0. However, the current compatible SDK version is 5.0.0(12).
 It is recommended to use apiAvailable to safeguard API compatibility.
[39m[39m
[33mWARN: [33m[33mArkTS:WARN File: /Users/arquiel/Downloads/AI/DeepRead/harmony/entry/src/main/ets/components/deepread/DeepReadSettingsForm.ets:195:35
 'pushUrl' has been deprecated.
[39m[39m
[33mWARN: [33m[33mArkTS:WARN File: /Users/arquiel/Downloads/AI/DeepRead/harmony/entry/src/main/ets/components/deepread/DeepReadSettingsForm.ets:203:35
 'pushUrl' has been deprecated.
[39m[39m
[33mWARN: [33m[33mArkTS:WARN File: /Users/arquiel/Downloads/AI/DeepRead/harmony/entry/src/main/ets/pages/SettingDeepReadPage.ets:234:63
 'getParams' has been deprecated.
[39m[39m
[33mWARN: [33m[33mArkTS:WARN File: /Users/arquiel/Downloads/AI/DeepRead/harmony/entry/src/main/ets/pages/SettingDeepReadPage.ets:235:49
 'getLength' has been deprecated.
[39m[39m
[33mWARN: [33m[33mArkTS:WARN File: /Users/arquiel/Downloads/AI/DeepRead/harmony/entry/src/main/ets/pages/SettingDeepReadPage.ets:422:12
 'pushUrl' has been deprecated.
[39m[39m
[33mWARN: [33m[33mArkTS:WARN File: /Users/arquiel/Downloads/AI/DeepRead/harmony/entry/src/main/ets/pages/SettingDeepReadPage.ets:522:22
 'showToast' has been deprecated.
[39m[39m
[33mWARN: [33m[33mArkTS:WARN File: /Users/arquiel/Downloads/AI/DeepRead/harmony/entry/src/main/ets/pages/SettingDeepReadPage.ets:522:22
 Function may throw exceptions. Special handling is required.
[39m[39m
[33mWARN: [33m[33mArkTS:WARN File: /Users/arquiel/Downloads/AI/DeepRead/harmony/entry/src/main/ets/pages/SettingDeepReadPage.ets:648:22
 'pushUrl' has been deprecated.
[39m[39m
[33mWARN: [33m[33mArkTS:WARN File: /Users/arquiel/Downloads/AI/DeepRead/harmony/entry/src/main/ets/pages/SettingDeepReadPage.ets:784:20
 'showToast' has been deprecated.
[39m[39m
[33mWARN: [33m[33mArkTS:WARN File: /Users/arquiel/Downloads/AI/DeepRead/harmony/entry/src/main/ets/pages/SettingDeepReadPage.ets:784:20
 Function may throw exceptions. Special handling is required.
[39m[39m
[33mWARN: [33m[33mArkTS:WARN File: /Users/arquiel/Downloads/AI/DeepRead/harmony/entry/src/main/ets/pages/SettingDeepReadPage.ets:1183:20
 'pushUrl' has been deprecated.
[39m[39m
[33mWARN: [33m[33mArkTS:WARN File: /Users/arquiel/Downloads/AI/DeepRead/harmony/entry/src/main/ets/pages/SettingDeepReadPage.ets:1212:42
 'pushUrl' has been deprecated.
[39m[39m
[33mWARN: [33m[33mArkTS:WARN File: /Users/arquiel/Downloads/AI/DeepRead/harmony/entry/src/main/ets/pages/SettingDeepReadPage.ets:1365:40
 'pushUrl' has been deprecated.
[39m[39m
[33mWARN: [33m[33mArkTS:WARN File: /Users/arquiel/Downloads/AI/DeepRead/harmony/entry/src/main/ets/pages/SettingDeepReadPage.ets:1489:60
 'getLength' has been deprecated.
[39m[39m
[33mWARN: [33m[33mArkTS:WARN File: /Users/arquiel/Downloads/AI/DeepRead/harmony/entry/src/main/ets/pages/SettingDeepReadPage.ets:1496:19
 Function may throw exceptions. Special handling is required.
[39m[39m
[33mWARN: [33m[33mArkTS:WARN File: /Users/arquiel/Downloads/AI/DeepRead/harmony/entry/src/main/ets/pages/DeepReadRootPage.ets:39:59
 'getParams' has been deprecated.
[39m[39m
[33mWARN: [33m[33mArkTS:WARN File: /Users/arquiel/Downloads/AI/DeepRead/harmony/entry/src/main/ets/pages/DeepReadRootPage.ets:137:39
 'pushUrl' has been deprecated.
[39m[39m
[33mWARN: [33m[33mArkTS:WARN File: /Users/arquiel/Downloads/AI/DeepRead/harmony/entry/src/main/ets/pages/ChatAgentPermissionsPage.ets:53:7
 'AlertDialog' has been deprecated.
[39m[39m
[33mWARN: [33m[33mArkTS:WARN File: /Users/arquiel/Downloads/AI/DeepRead/harmony/entry/src/main/ets/pages/ChatAgentPermissionsPage.ets:53:19
 'show' has been deprecated.
[39m[39m
[33mWARN: [33m[33mArkTS:WARN File: /Users/arquiel/Downloads/AI/DeepRead/harmony/entry/src/main/ets/pages/ChatAgentPermissionsPage.ets:99:40
 'pushUrl' has been deprecated.
[39m[39m
[33mWARN: [33m[33mArkTS:WARN File: /Users/arquiel/Downloads/AI/DeepRead/harmony/entry/src/main/ets/components/ui/PressGlowButton.ets:96:38
 To use this API, you need to apply for the permissions: ohos.permission.HDR_BRIGHTNESS
[39m[39m
[33mWARN: [33m[33mArkTS:WARN File: /Users/arquiel/Downloads/AI/DeepRead/harmony/entry/src/main/ets/components/ui/PressGlowButton.ets:104:7
 'animateTo' has been deprecated.
[39m[39m
[33mWARN: [33m[33mArkTS:WARN File: /Users/arquiel/Downloads/AI/DeepRead/harmony/entry/src/main/ets/components/ui/PressGlowButton.ets:108:7
 'animateTo' has been deprecated.
[39m[39m
[33mWARN: [33m[33mArkTS:WARN File: /Users/arquiel/Downloads/AI/DeepRead/harmony/entry/src/main/ets/components/ui/PressGlowButton.ets:112:7
 'animateTo' has been deprecated.
[39m[39m
[33mWARN: [33m[33mArkTS:WARN File: /Users/arquiel/Downloads/AI/DeepRead/harmony/entry/src/main/ets/components/ui/PressGlowButton.ets:115:7
 'animateTo' has been deprecated.
[39m[39m
[33mWARN: [33m[33mArkTS:WARN File: /Users/arquiel/Downloads/AI/DeepRead/harmony/entry/src/main/ets/components/SubAgentActivityStrip.ets:88:12
 'pushUrl' has been deprecated.
[39m[39m
[33mWARN: [33m[33mArkTS:WARN File: /Users/arquiel/Downloads/AI/DeepRead/harmony/entry/src/main/ets/components/SubAgentActivityStrip.ets:88:12
 Function may throw exceptions. Special handling is required.
[39m[39m
[33mWARN: [33m[33mArkTS:WARN File: /Users/arquiel/Downloads/AI/DeepRead/harmony/entry/src/main/ets/components/ChatListIndicators.ets:21:5
 'animateTo' has been deprecated.
[39m[39m
[33mWARN: [33m[33mArkTS:WARN File: /Users/arquiel/Downloads/AI/DeepRead/harmony/entry/src/main/ets/pages/ChatListPage.ets:290:9
 'animateTo' has been deprecated.
[39m[39m
[33mWARN: [33m[33mArkTS:WARN File: /Users/arquiel/Downloads/AI/DeepRead/harmony/entry/src/main/ets/pages/ChatListPage.ets:342:9
 'animateTo' has been deprecated.
[39m[39m
[33mWARN: [33m[33mArkTS:WARN File: /Users/arquiel/Downloads/AI/DeepRead/harmony/entry/src/main/ets/pages/ChatListPage.ets:572:5
 'animateTo' has been deprecated.
[39m[39m
[33mWARN: [33m[33mArkTS:WARN File: /Users/arquiel/Downloads/AI/DeepRead/harmony/entry/src/main/ets/pages/ChatListPage.ets:584:5
 'animateTo' has been deprecated.
[39m[39m
[33mWARN: [33m[33mArkTS:WARN File: /Users/arquiel/Downloads/AI/DeepRead/harmony/entry/src/main/ets/pages/ChatListPage.ets:608:12
 'pushUrl' has been deprecated.
[39m[39m
[33mWARN: [33m[33mArkTS:WARN File: /Users/arquiel/Downloads/AI/DeepRead/harmony/entry/src/main/ets/pages/ChatListPage.ets:626:7
 'animateTo' has been deprecated.
[39m[39m
[33mWARN: [33m[33mArkTS:WARN File: /Users/arquiel/Downloads/AI/DeepRead/harmony/entry/src/main/ets/pages/ChatListPage.ets:634:20
 'showToast' has been deprecated.
[39m[39m
[33mWARN: [33m[33mArkTS:WARN File: /Users/arquiel/Downloads/AI/DeepRead/harmony/entry/src/main/ets/pages/ChatListPage.ets:648:5
 'animateTo' has been deprecated.
[39m[39m
[33mWARN: [33m[33mArkTS:WARN File: /Users/arquiel/Downloads/AI/DeepRead/harmony/entry/src/main/ets/pages/ChatListPage.ets:658:5
 'animateTo' has been deprecated.
[39m[39m
[33mWARN: [33m[33mArkTS:WARN File: /Users/arquiel/Downloads/AI/DeepRead/harmony/entry/src/main/ets/pages/ChatListPage.ets:664:22
 'showToast' has been deprecated.
[39m[39m
[33mWARN: [33m[33mArkTS:WARN File: /Users/arquiel/Downloads/AI/DeepRead/harmony/entry/src/main/ets/pages/ChatListPage.ets:664:22
 Function may throw exceptions. Special handling is required.
[39m[39m
[33mWARN: [33m[33mArkTS:WARN File: /Users/arquiel/Downloads/AI/DeepRead/harmony/entry/src/main/ets/pages/ChatListPage.ets:682:22
 'showToast' has been deprecated.
[39m[39m
[33mWARN: [33m[33mArkTS:WARN File: /Users/arquiel/Downloads/AI/DeepRead/harmony/entry/src/main/ets/pages/ChatListPage.ets:719:23
 'showToast' has been deprecated.
[39m[39m
[33mWARN: [33m[33mArkTS:WARN File: /Users/arquiel/Downloads/AI/DeepRead/harmony/entry/src/main/ets/pages/ChatListPage.ets:719:23
 Function may throw exceptions. Special handling is required.
[39m[39m
[33mWARN: [33m[33mArkTS:WARN File: /Users/arquiel/Downloads/AI/DeepRead/harmony/entry/src/main/ets/pages/ChatListPage.ets:723:18
 'showActionMenu' has been deprecated.
[39m[39m
[33mWARN: [33m[33mArkTS:WARN File: /Users/arquiel/Downloads/AI/DeepRead/harmony/entry/src/main/ets/pages/ChatListPage.ets:761:22
 'showToast' has been deprecated.
[39m[39m
[33mWARN: [33m[33mArkTS:WARN File: /Users/arquiel/Downloads/AI/DeepRead/harmony/entry/src/main/ets/pages/ChatListPage.ets:768:22
 'showToast' has been deprecated.
[39m[39m
[33mWARN: [33m[33mArkTS:WARN File: /Users/arquiel/Downloads/AI/DeepRead/harmony/entry/src/main/ets/pages/ChatListPage.ets:770:22
 'showToast' has been deprecated.
[39m[39m
[33mWARN: [33m[33mArkTS:WARN File: /Users/arquiel/Downloads/AI/DeepRead/harmony/entry/src/main/ets/pages/ChatListPage.ets:773:20
 'showToast' has been deprecated.
[39m[39m
[33mWARN: [33m[33mArkTS:WARN File: /Users/arquiel/Downloads/AI/DeepRead/harmony/entry/src/main/ets/pages/ChatListPage.ets:781:22
 'showToast' has been deprecated.
[39m[39m
[33mWARN: [33m[33mArkTS:WARN File: /Users/arquiel/Downloads/AI/DeepRead/harmony/entry/src/main/ets/pages/ChatListPage.ets:798:20
 'showToast' has been deprecated.
[39m[39m
[33mWARN: [33m[33mArkTS:WARN File: /Users/arquiel/Downloads/AI/DeepRead/harmony/entry/src/main/ets/pages/ChatListPage.ets:808:20
 'showToast' has been deprecated.
[39m[39m
[33mWARN: [33m[33mArkTS:WARN File: /Users/arquiel/Downloads/AI/DeepRead/harmony/entry/src/main/ets/pages/ChatListPage.ets:811:20
 'showToast' has been deprecated.
[39m[39m
[33mWARN: [33m[33mArkTS:WARN File: /Users/arquiel/Downloads/AI/DeepRead/harmony/entry/src/main/ets/pages/ChatListPage.ets:811:20
 Function may throw exceptions. Special handling is required.
[39m[39m
[33mWARN: [33m[33mArkTS:WARN File: /Users/arquiel/Downloads/AI/DeepRead/harmony/entry/src/main/ets/pages/ChatListPage.ets:829:20
 'showToast' has been deprecated.
[39m[39m
[33mWARN: [33m[33mArkTS:WARN File: /Users/arquiel/Downloads/AI/DeepRead/harmony/entry/src/main/ets/pages/ChatListPage.ets:832:20
 'showToast' has been deprecated.
[39m[39m
[33mWARN: [33m[33mArkTS:WARN File: /Users/arquiel/Downloads/AI/DeepRead/harmony/entry/src/main/ets/pages/ChatListPage.ets:832:20
 Function may throw exceptions. Special handling is required.
[39m[39m
[33mWARN: [33m[33mArkTS:WARN File: /Users/arquiel/Downloads/AI/DeepRead/harmony/entry/src/main/ets/pages/ChatListPage.ets:923:20
 'pushUrl' has been deprecated.
[39m[39m
[33mWARN: [33m[33mArkTS:WARN File: /Users/arquiel/Downloads/AI/DeepRead/harmony/entry/src/main/ets/pages/ChatListPage.ets:938:20
 'pushUrl' has been deprecated.
[39m[39m
[33mWARN: [33m[33mArkTS:WARN File: /Users/arquiel/Downloads/AI/DeepRead/harmony/entry/src/main/ets/pages/ChatMcpSettingsPage.ets:282:16
 The 'fill' API is supported since SDK version 26.0.0. However, the current compatible SDK version is 5.0.0(12).
 It is recommended to use apiAvailable to safeguard API compatibility.
[39m[39m
[33mWARN: [33m[33mArkTS:WARN File: /Users/arquiel/Downloads/AI/DeepRead/harmony/entry/src/main/ets/pages/ChatMcpSettingsPage.ets:632:39
 'back' has been deprecated.
[39m[39m
[33mWARN: [33m[33mArkTS:WARN File: /Users/arquiel/Downloads/AI/DeepRead/harmony/entry/src/main/ets/pages/ChatModelParamsPage.ets:114:27
 'getParams' has been deprecated.
[39m[39m
[33mWARN: [33m[33mArkTS:WARN File: /Users/arquiel/Downloads/AI/DeepRead/harmony/entry/src/main/ets/pages/ChatModelParamsPage.ets:331:14
 'back' has been deprecated.
[39m[39m
[33mWARN: [33m[33mArkTS:WARN File: /Users/arquiel/Downloads/AI/DeepRead/harmony/entry/src/main/ets/pages/ChatModelParamsPage.ets:587:96
 'back' has been deprecated.
[39m[39m
[33mWARN: [33m[33mArkTS:WARN File: /Users/arquiel/Downloads/AI/DeepRead/harmony/entry/src/main/ets/pages/ChatModelParamsPage.ets:834:81
 'back' has been deprecated.
[39m[39m
[33mWARN: [33m[33mArkTS:WARN File: /Users/arquiel/Downloads/AI/DeepRead/harmony/entry/src/main/ets/pages/ChatModelPickerPage.ets:41:27
 'getParams' has been deprecated.
[39m[39m
[33mWARN: [33m[33mArkTS:WARN File: /Users/arquiel/Downloads/AI/DeepRead/harmony/entry/src/main/ets/pages/ChatModelPickerPage.ets:90:34
 'back' has been deprecated.
[39m[39m
[33mWARN: [33m[33mArkTS:WARN File: /Users/arquiel/Downloads/AI/DeepRead/harmony/entry/src/main/ets/pages/ChatModelPickerPage.ets:92:22
 'showToast' has been deprecated.
[39m[39m
[33mWARN: [33m[33mArkTS:WARN File: /Users/arquiel/Downloads/AI/DeepRead/harmony/entry/src/main/ets/pages/ChatModelPickerPage.ets:99:34
 'back' has been deprecated.
[39m[39m
[33mWARN: [33m[33mArkTS:WARN File: /Users/arquiel/Downloads/AI/DeepRead/harmony/entry/src/main/ets/pages/ChatModelPickerPage.ets:101:22
 'showToast' has been deprecated.
[39m[39m
[33mWARN: [33m[33mArkTS:WARN File: /Users/arquiel/Downloads/AI/DeepRead/harmony/entry/src/main/ets/pages/ChatModelPickerPage.ets:186:43
 'pushUrl' has been deprecated.
[39m[39m
[33mWARN: [33m[33mArkTS:WARN File: /Users/arquiel/Downloads/AI/DeepRead/harmony/entry/src/main/ets/components/ChatRecapPanel.ets:77:37
 The 'fill' API is supported since SDK version 26.0.0. However, the current compatible SDK version is 5.0.0(12).
 It is recommended to use apiAvailable to safeguard API compatibility.
[39m[39m
[33mWARN: [33m[33mArkTS:WARN File: /Users/arquiel/Downloads/AI/DeepRead/harmony/entry/src/main/ets/platform_impl/ImageSaveSupport.ets:16:18
 'showToast' has been deprecated.
[39m[39m
[33mWARN: [33m[33mArkTS:WARN File: /Users/arquiel/Downloads/AI/DeepRead/harmony/entry/src/main/ets/platform_impl/ImageSaveSupport.ets:47:18
 'showToast' has been deprecated.
[39m[39m
[33mWARN: [33m[33mArkTS:WARN File: /Users/arquiel/Downloads/AI/DeepRead/harmony/entry/src/main/ets/platform_impl/ImageSaveSupport.ets:63:18
 'showToast' has been deprecated.
[39m[39m
[33mWARN: [33m[33mArkTS:WARN File: /Users/arquiel/Downloads/AI/DeepRead/harmony/entry/src/main/ets/platform_impl/ImageSaveSupport.ets:72:18
 'showToast' has been deprecated.
[39m[39m
[33mWARN: [33m[33mArkTS:WARN File: /Users/arquiel/Downloads/AI/DeepRead/harmony/entry/src/main/ets/platform_impl/ImageShareSupport.ets:11:18
 'showToast' has been deprecated.
[39m[39m
[33mWARN: [33m[33mArkTS:WARN File: /Users/arquiel/Downloads/AI/DeepRead/harmony/entry/src/main/ets/platform_impl/ImageShareSupport.ets:29:18
 'showToast' has been deprecated.
[39m[39m
[33mWARN: [33m[33mArkTS:WARN File: /Users/arquiel/Downloads/AI/DeepRead/harmony/entry/src/main/ets/components/MermaidBlock.ets:43:45
 Function may throw exceptions. Special handling is required.
[39m[39m
[33mWARN: [33m[33mArkTS:WARN File: /Users/arquiel/Downloads/AI/DeepRead/harmony/entry/src/main/ets/components/MermaidBlock.ets:45:26
 'px2vp' has been deprecated.
[39m[39m
[33mWARN: [33m[33mArkTS:WARN File: /Users/arquiel/Downloads/AI/DeepRead/harmony/entry/src/main/ets/components/MermaidBlock.ets:46:25
 'px2vp' has been deprecated.
[39m[39m
[33mWARN: [33m[33mArkTS:WARN File: /Users/arquiel/Downloads/AI/DeepRead/harmony/entry/src/main/ets/components/MermaidBlock.ets:109:57
 'vp2px' has been deprecated.
[39m[39m
[33mWARN: [33m[33mArkTS:WARN File: /Users/arquiel/Downloads/AI/DeepRead/harmony/entry/src/main/ets/components/MermaidBlock.ets:114:30
 'px2vp' has been deprecated.
[39m[39m
[33mWARN: [33m[33mArkTS:WARN File: /Users/arquiel/Downloads/AI/DeepRead/harmony/entry/src/main/ets/components/MermaidBlock.ets:118:44
 'px2vp' has been deprecated.
[39m[39m
[33mWARN: [33m[33mArkTS:WARN File: /Users/arquiel/Downloads/AI/DeepRead/harmony/entry/src/main/ets/components/MermaidBlock.ets:119:22
 'vp2px' has been deprecated.
[39m[39m
[33mWARN: [33m[33mArkTS:WARN File: /Users/arquiel/Downloads/AI/DeepRead/harmony/entry/src/main/ets/components/MermaidBlock.ets:136:22
 'showToast' has been deprecated.
[39m[39m
[33mWARN: [33m[33mArkTS:WARN File: /Users/arquiel/Downloads/AI/DeepRead/harmony/entry/src/main/ets/components/MermaidBlock.ets:136:22
 Function may throw exceptions. Special handling is required.
[39m[39m
[33mWARN: [33m[33mArkTS:WARN File: /Users/arquiel/Downloads/AI/DeepRead/harmony/entry/src/main/ets/components/MermaidBlock.ets:174:46
 'vp2px' has been deprecated.
[39m[39m
[33mWARN: [33m[33mArkTS:WARN File: /Users/arquiel/Downloads/AI/DeepRead/harmony/entry/src/main/ets/components/MathRichBlock.ets:50:23
 Function may throw exceptions. Special handling is required.
[39m[39m
[33mWARN: [33m[33mArkTS:WARN File: /Users/arquiel/Downloads/AI/DeepRead/harmony/entry/src/main/ets/components/NativeMarkdownText.ets:62:58
 The 'getRectsForRange' API is supported since SDK version 14. However, the current compatible SDK version is 5.0.0(12).
 It is recommended to use apiAvailable to safeguard API compatibility.
[39m[39m
[33mWARN: [33m[33mArkTS:WARN File: /Users/arquiel/Downloads/AI/DeepRead/harmony/entry/src/main/ets/components/MarkdownText.ets:192:20
 'showToast' has been deprecated.
[39m[39m
[33mWARN: [33m[33mArkTS:WARN File: /Users/arquiel/Downloads/AI/DeepRead/harmony/entry/src/main/ets/components/MarkdownText.ets:194:20
 'showToast' has been deprecated.
[39m[39m
[33mWARN: [33m[33mArkTS:WARN File: /Users/arquiel/Downloads/AI/DeepRead/harmony/entry/src/main/ets/components/MarkdownText.ets:194:20
 Function may throw exceptions. Special handling is required.
[39m[39m
[33mWARN: [33m[33mArkTS:WARN File: /Users/arquiel/Downloads/AI/DeepRead/harmony/entry/src/main/ets/components/MarkdownText.ets:208:44
 'getContext' has been deprecated.
[39m[39m
[33mWARN: [33m[33mArkTS:WARN File: /Users/arquiel/Downloads/AI/DeepRead/harmony/entry/src/main/ets/components/MarkdownText.ets:222:5
 'AlertDialog' has been deprecated.
[39m[39m
[33mWARN: [33m[33mArkTS:WARN File: /Users/arquiel/Downloads/AI/DeepRead/harmony/entry/src/main/ets/components/MarkdownText.ets:222:17
 'show' has been deprecated.
[39m[39m
[33mWARN: [33m[33mArkTS:WARN File: /Users/arquiel/Downloads/AI/DeepRead/harmony/entry/src/main/ets/components/ChatArtifactShelf.ets:46:45
 'showToast' has been deprecated.
[39m[39m
[33mWARN: [33m[33mArkTS:WARN File: /Users/arquiel/Downloads/AI/DeepRead/harmony/entry/src/main/ets/components/ChatInput.ets:81:53
 The system capacity of this api 'TextAreaController' is not supported on all devices
[39m[39m
[33mWARN: [33m[33mArkTS:WARN File: /Users/arquiel/Downloads/AI/DeepRead/harmony/entry/src/main/ets/components/ChatInput.ets:86:5
 'animateTo' has been deprecated.
[39m[39m
[33mWARN: [33m[33mArkTS:WARN File: /Users/arquiel/Downloads/AI/DeepRead/harmony/entry/src/main/ets/components/GeneratedImageCarousel.ets:41:11
 Function may throw exceptions. Special handling is required.
[39m[39m
[33mWARN: [33m[33mArkTS:WARN File: /Users/arquiel/Downloads/AI/DeepRead/harmony/entry/src/main/ets/components/GeneratedImageCarousel.ets:42:18
 'showToast' has been deprecated.
[39m[39m
[33mWARN: [33m[33mArkTS:WARN File: /Users/arquiel/Downloads/AI/DeepRead/harmony/entry/src/main/ets/components/GeneratedImageCarousel.ets:42:18
 Function may throw exceptions. Special handling is required.
[39m[39m
[33mWARN: [33m[33mArkTS:WARN File: /Users/arquiel/Downloads/AI/DeepRead/harmony/entry/src/main/ets/components/ui/DotRingLoading.ets:27:5
 'animateTo' has been deprecated.
[39m[39m
[33mWARN: [33m[33mArkTS:WARN File: /Users/arquiel/Downloads/AI/DeepRead/harmony/entry/src/main/ets/components/ui/DotRingLoading.ets:36:12
 The 'fill' API is supported since SDK version 26.0.0. However, the current compatible SDK version is 5.0.0(12).
 It is recommended to use apiAvailable to safeguard API compatibility.
[39m[39m
[33mWARN: [33m[33mArkTS:WARN File: /Users/arquiel/Downloads/AI/DeepRead/harmony/entry/src/main/ets/components/ChatMessageCommon.ets:29:42
 'getContext' has been deprecated.
[39m[39m
[33mWARN: [33m[33mArkTS:WARN File: /Users/arquiel/Downloads/AI/DeepRead/harmony/entry/src/main/ets/components/MiniAppChatCard.ets:63:18
 'showToast' has been deprecated.
[39m[39m
[33mWARN: [33m[33mArkTS:WARN File: /Users/arquiel/Downloads/AI/DeepRead/harmony/entry/src/main/ets/components/MiniAppChatCard.ets:63:18
 Function may throw exceptions. Special handling is required.
[39m[39m
[33mWARN: [33m[33mArkTS:WARN File: /Users/arquiel/Downloads/AI/DeepRead/harmony/entry/src/main/ets/components/MiniAppChatCard.ets:142:26
 'getContext' has been deprecated.
[39m[39m
[33mWARN: [33m[33mArkTS:WARN File: /Users/arquiel/Downloads/AI/DeepRead/harmony/entry/src/main/ets/components/MiniAppChatCard.ets:174:26
 'getContext' has been deprecated.
[39m[39m
[33mWARN: [33m[33mArkTS:WARN File: /Users/arquiel/Downloads/AI/DeepRead/harmony/entry/src/main/ets/components/AgentMessageRow.ets:659:7
 'animateTo' has been deprecated.
[39m[39m
[33mWARN: [33m[33mArkTS:WARN File: /Users/arquiel/Downloads/AI/DeepRead/harmony/entry/src/main/ets/components/NativeTimelineFollow.ets:31:45
 Function may throw exceptions. Special handling is required.
[39m[39m
[33mWARN: [33m[33mArkTS:WARN File: /Users/arquiel/Downloads/AI/DeepRead/harmony/entry/src/main/ets/components/NativeTimelineFollow.ets:36:54
 The 'supportedRefreshRates' API is supported since SDK version 20. However, the current compatible SDK version is 5.0.0(12).
 It is recommended to use apiAvailable to safeguard API compatibility.
[39m[39m
[33mWARN: [33m[33mArkTS:WARN File: /Users/arquiel/Downloads/AI/DeepRead/harmony/entry/src/main/ets/components/ui/DotLoading.ets:13:5
 'animateTo' has been deprecated.
[39m[39m
[33mWARN: [33m[33mArkTS:WARN File: /Users/arquiel/Downloads/AI/DeepRead/harmony/entry/src/main/ets/components/ui/DotLoading.ets:21:10
 The 'fill' API is supported since SDK version 26.0.0. However, the current compatible SDK version is 5.0.0(12).
 It is recommended to use apiAvailable to safeguard API compatibility.
[39m[39m
[33mWARN: [33m[33mArkTS:WARN File: /Users/arquiel/Downloads/AI/DeepRead/harmony/entry/src/main/ets/components/ui/DotLoading.ets:24:10
 The 'fill' API is supported since SDK version 26.0.0. However, the current compatible SDK version is 5.0.0(12).
 It is recommended to use apiAvailable to safeguard API compatibility.
[39m[39m
[33mWARN: [33m[33mArkTS:WARN File: /Users/arquiel/Downloads/AI/DeepRead/harmony/entry/src/main/ets/components/ui/DotLoading.ets:28:10
 The 'fill' API is supported since SDK version 26.0.0. However, the current compatible SDK version is 5.0.0(12).
 It is recommended to use apiAvailable to safeguard API compatibility.
[39m[39m
[33mWARN: [33m[33mArkTS:WARN File: /Users/arquiel/Downloads/AI/DeepRead/harmony/entry/src/main/ets/components/ChatMessageCopySheet.ets:24:11
 Function may throw exceptions. Special handling is required.
[39m[39m
[33mWARN: [33m[33mArkTS:WARN File: /Users/arquiel/Downloads/AI/DeepRead/harmony/entry/src/main/ets/components/ChatExportSheet.ets:88:18
 'showToast' has been deprecated.
[39m[39m
[33mWARN: [33m[33mArkTS:WARN File: /Users/arquiel/Downloads/AI/DeepRead/harmony/entry/src/main/ets/components/ChatExportSheet.ets:88:18
 Function may throw exceptions. Special handling is required.
[39m[39m
[33mWARN: [33m[33mArkTS:WARN File: /Users/arquiel/Downloads/AI/DeepRead/harmony/entry/src/main/ets/components/ChatExportSheet.ets:102:22
 'showToast' has been deprecated.
[39m[39m
[33mWARN: [33m[33mArkTS:WARN File: /Users/arquiel/Downloads/AI/DeepRead/harmony/entry/src/main/ets/components/ChatExportSheet.ets:105:36
 'showToast' has been deprecated.
[39m[39m
[33mWARN: [33m[33mArkTS:WARN File: /Users/arquiel/Downloads/AI/DeepRead/harmony/entry/src/main/ets/components/ChatExportSheet.ets:105:36
 Function may throw exceptions. Special handling is required.
[39m[39m
[33mWARN: [33m[33mArkTS:WARN File: /Users/arquiel/Downloads/AI/DeepRead/harmony/entry/src/main/ets/components/ChatExportSheet.ets:115:11
 Function may throw exceptions. Special handling is required.
[39m[39m
[33mWARN: [33m[33mArkTS:WARN File: /Users/arquiel/Downloads/AI/DeepRead/harmony/entry/src/main/ets/components/ChatExportSheet.ets:116:18
 'showToast' has been deprecated.
[39m[39m
[33mWARN: [33m[33mArkTS:WARN File: /Users/arquiel/Downloads/AI/DeepRead/harmony/entry/src/main/ets/components/ChatExportSheet.ets:116:18
 Function may throw exceptions. Special handling is required.
[39m[39m
[33mWARN: [33m[33mArkTS:WARN File: /Users/arquiel/Downloads/AI/DeepRead/harmony/entry/src/main/ets/components/ChatExportSheet.ets:138:26
 'px2vp' has been deprecated.
[39m[39m
[33mWARN: [33m[33mArkTS:WARN File: /Users/arquiel/Downloads/AI/DeepRead/harmony/entry/src/main/ets/components/ChatExportSheet.ets:138:66
 'vp2px' has been deprecated.
[39m[39m
[33mWARN: [33m[33mArkTS:WARN File: /Users/arquiel/Downloads/AI/DeepRead/harmony/entry/src/main/ets/components/ChatExportSheet.ets:139:31
 'px2vp' has been deprecated.
[39m[39m
[33mWARN: [33m[33mArkTS:WARN File: /Users/arquiel/Downloads/AI/DeepRead/harmony/entry/src/main/ets/components/ChatExportSheet.ets:159:20
 'showToast' has been deprecated.
[39m[39m
[33mWARN: [33m[33mArkTS:WARN File: /Users/arquiel/Downloads/AI/DeepRead/harmony/entry/src/main/ets/components/ChatExportSheet.ets:159:20
 Function may throw exceptions. Special handling is required.
[39m[39m
[33mWARN: [33m[33mArkTS:WARN File: /Users/arquiel/Downloads/AI/DeepRead/harmony/entry/src/main/ets/components/ChatExportSheet.ets:173:57
 'vp2px' has been deprecated.
[39m[39m
[33mWARN: [33m[33mArkTS:WARN File: /Users/arquiel/Downloads/AI/DeepRead/harmony/entry/src/main/ets/components/ChatExportSheet.ets:179:33
 'px2vp' has been deprecated.
[39m[39m
[33mWARN: [33m[33mArkTS:WARN File: /Users/arquiel/Downloads/AI/DeepRead/harmony/entry/src/main/ets/components/ChatExportSheet.ets:182:55
 'px2vp' has been deprecated.
[39m[39m
[33mWARN: [33m[33mArkTS:WARN File: /Users/arquiel/Downloads/AI/DeepRead/harmony/entry/src/main/ets/components/ChatExportSheet.ets:185:22
 'vp2px' has been deprecated.
[39m[39m
[33mWARN: [33m[33mArkTS:WARN File: /Users/arquiel/Downloads/AI/DeepRead/harmony/entry/src/main/ets/components/ChatExportSheet.ets:204:22
 'showToast' has been deprecated.
[39m[39m
[33mWARN: [33m[33mArkTS:WARN File: /Users/arquiel/Downloads/AI/DeepRead/harmony/entry/src/main/ets/components/ChatExportSheet.ets:204:22
 Function may throw exceptions. Special handling is required.
[39m[39m
[33mWARN: [33m[33mArkTS:WARN File: /Users/arquiel/Downloads/AI/DeepRead/harmony/entry/src/main/ets/components/ChatExportSheet.ets:225:18
 'showToast' has been deprecated.
[39m[39m
[33mWARN: [33m[33mArkTS:WARN File: /Users/arquiel/Downloads/AI/DeepRead/harmony/entry/src/main/ets/components/ChatExportSheet.ets:225:18
 Function may throw exceptions. Special handling is required.
[39m[39m
[33mWARN: [33m[33mArkTS:WARN File: /Users/arquiel/Downloads/AI/DeepRead/harmony/entry/src/main/ets/components/ChatMessageToolPreviewSheet.ets:50:11
 Function may throw exceptions. Special handling is required.
[39m[39m
[33mWARN: [33m[33mArkTS:WARN File: /Users/arquiel/Downloads/AI/DeepRead/harmony/entry/src/main/ets/components/ChatMessageToolPreviewSheet.ets:51:18
 'showToast' has been deprecated.
[39m[39m
[33mWARN: [33m[33mArkTS:WARN File: /Users/arquiel/Downloads/AI/DeepRead/harmony/entry/src/main/ets/components/ChatMessageToolPreviewSheet.ets:51:18
 Function may throw exceptions. Special handling is required.
[39m[39m
[33mWARN: [33m[33mArkTS:WARN File: /Users/arquiel/Downloads/AI/DeepRead/harmony/entry/src/main/ets/components/ChatMessageToolPreviewSheet.ets:84:42
 'getContext' has been deprecated.
[39m[39m
[33mWARN: [33m[33mArkTS:WARN File: /Users/arquiel/Downloads/AI/DeepRead/harmony/entry/src/main/ets/components/ChatMessageToolPreviewSheet.ets:87:22
 'showToast' has been deprecated.
[39m[39m
[33mWARN: [33m[33mArkTS:WARN File: /Users/arquiel/Downloads/AI/DeepRead/harmony/entry/src/main/ets/components/CouncilSeatTools.ets:108:46
 'getContext' has been deprecated.
[39m[39m
[33mWARN: [33m[33mArkTS:WARN File: /Users/arquiel/Downloads/AI/DeepRead/harmony/entry/src/main/ets/components/WorkspaceFileVM.ets:119:12
 Function may throw exceptions. Special handling is required.
[39m[39m
[33mWARN: [33m[33mArkTS:WARN File: /Users/arquiel/Downloads/AI/DeepRead/harmony/entry/src/main/ets/pages/ChatPage.ets:835:22
 'showToast' has been deprecated.
[39m[39m
[33mWARN: [33m[33mArkTS:WARN File: /Users/arquiel/Downloads/AI/DeepRead/harmony/entry/src/main/ets/pages/ChatPage.ets:840:22
 'showToast' has been deprecated.
[39m[39m
[33mWARN: [33m[33mArkTS:WARN File: /Users/arquiel/Downloads/AI/DeepRead/harmony/entry/src/main/ets/pages/ChatPage.ets:855:7
 'animateTo' has been deprecated.
[39m[39m
[33mWARN: [33m[33mArkTS:WARN File: /Users/arquiel/Downloads/AI/DeepRead/harmony/entry/src/main/ets/pages/ChatPage.ets:858:9
 'animateTo' has been deprecated.
[39m[39m
[33mWARN: [33m[33mArkTS:WARN File: /Users/arquiel/Downloads/AI/DeepRead/harmony/entry/src/main/ets/pages/ChatPage.ets:954:37
 'back' has been deprecated.
[39m[39m
[33mWARN: [33m[33mArkTS:WARN File: /Users/arquiel/Downloads/AI/DeepRead/harmony/entry/src/main/ets/pages/ChatPage.ets:966:51
 'showToast' has been deprecated.
[39m[39m
[33mWARN: [33m[33mArkTS:WARN File: /Users/arquiel/Downloads/AI/DeepRead/harmony/entry/src/main/ets/pages/ChatPage.ets:966:51
 Function may throw exceptions. Special handling is required.
[39m[39m
[33mWARN: [33m[33mArkTS:WARN File: /Users/arquiel/Downloads/AI/DeepRead/harmony/entry/src/main/ets/pages/ChatPage.ets:979:41
 'showToast' has been deprecated.
[39m[39m
[33mWARN: [33m[33mArkTS:WARN File: /Users/arquiel/Downloads/AI/DeepRead/harmony/entry/src/main/ets/pages/ChatPage.ets:1221:27
 'getParams' has been deprecated.
[39m[39m
[33mWARN: [33m[33mArkTS:WARN File: /Users/arquiel/Downloads/AI/DeepRead/harmony/entry/src/main/ets/pages/ChatPage.ets:1730:44
 Function may throw exceptions. Special handling is required.
[39m[39m
[33mWARN: [33m[33mArkTS:WARN File: /Users/arquiel/Downloads/AI/DeepRead/harmony/entry/src/main/ets/pages/ChatPage.ets:1879:12
 'replaceUrl' has been deprecated.
[39m[39m
[33mWARN: [33m[33mArkTS:WARN File: /Users/arquiel/Downloads/AI/DeepRead/harmony/entry/src/main/ets/pages/ChatPage.ets:1879:12
 Function may throw exceptions. Special handling is required.
[39m[39m
[33mWARN: [33m[33mArkTS:WARN File: /Users/arquiel/Downloads/AI/DeepRead/harmony/entry/src/main/ets/pages/ChatPage.ets:2190:14
 'pushUrl' has been deprecated.
[39m[39m
[33mWARN: [33m[33mArkTS:WARN File: /Users/arquiel/Downloads/AI/DeepRead/harmony/entry/src/main/ets/pages/ChatPage.ets:2277:44
 'getContext' has been deprecated.
[39m[39m
[33mWARN: [33m[33mArkTS:WARN File: /Users/arquiel/Downloads/AI/DeepRead/harmony/entry/src/main/ets/pages/ChatPage.ets:2326:18
 'showToast' has been deprecated.
[39m[39m
[33mWARN: [33m[33mArkTS:WARN File: /Users/arquiel/Downloads/AI/DeepRead/harmony/entry/src/main/ets/pages/ChatPage.ets:2326:18
 Function may throw exceptions. Special handling is required.
[39m[39m
[33mWARN: [33m[33mArkTS:WARN File: /Users/arquiel/Downloads/AI/DeepRead/harmony/entry/src/main/ets/pages/ChatPage.ets:2358:22
 'showToast' has been deprecated.
[39m[39m
[33mWARN: [33m[33mArkTS:WARN File: /Users/arquiel/Downloads/AI/DeepRead/harmony/entry/src/main/ets/pages/ChatPage.ets:2549:16
 'pushUrl' has been deprecated.
[39m[39m
[33mWARN: [33m[33mArkTS:WARN File: /Users/arquiel/Downloads/AI/DeepRead/harmony/entry/src/main/ets/pages/ChatPage.ets:2610:38
 Function may throw exceptions. Special handling is required.
[39m[39m
[33mWARN: [33m[33mArkTS:WARN File: /Users/arquiel/Downloads/AI/DeepRead/harmony/entry/src/main/ets/pages/ChatPage.ets:2612:38
 Function may throw exceptions. Special handling is required.
[39m[39m
[33mWARN: [33m[33mArkTS:WARN File: /Users/arquiel/Downloads/AI/DeepRead/harmony/entry/src/main/ets/pages/ChatPage.ets:2617:14
 Function may throw exceptions. Special handling is required.
[39m[39m
[33mWARN: [33m[33mArkTS:WARN File: /Users/arquiel/Downloads/AI/DeepRead/harmony/entry/src/main/ets/pages/ChatPage.ets:2620:14
 Function may throw exceptions. Special handling is required.
[39m[39m
[33mWARN: [33m[33mArkTS:WARN File: /Users/arquiel/Downloads/AI/DeepRead/harmony/entry/src/main/ets/pages/ChatPage.ets:2768:5
 'AlertDialog' has been deprecated.
[39m[39m
[33mWARN: [33m[33mArkTS:WARN File: /Users/arquiel/Downloads/AI/DeepRead/harmony/entry/src/main/ets/pages/ChatPage.ets:2768:17
 'show' has been deprecated.
[39m[39m
[33mWARN: [33m[33mArkTS:WARN File: /Users/arquiel/Downloads/AI/DeepRead/harmony/entry/src/main/ets/pages/ChatPage.ets:2875:22
 'showToast' has been deprecated.
[39m[39m
[33mWARN: [33m[33mArkTS:WARN File: /Users/arquiel/Downloads/AI/DeepRead/harmony/entry/src/main/ets/pages/ChatPage.ets:2904:14
 'pushUrl' has been deprecated.
[39m[39m
[33mWARN: [33m[33mArkTS:WARN File: /Users/arquiel/Downloads/AI/DeepRead/harmony/entry/src/main/ets/pages/ChatPage.ets:2904:14
 Function may throw exceptions. Special handling is required.
[39m[39m
[33mWARN: [33m[33mArkTS:WARN File: /Users/arquiel/Downloads/AI/DeepRead/harmony/entry/src/main/ets/pages/ChatPage.ets:2963:11
 Function may throw exceptions. Special handling is required.
[39m[39m
[33mWARN: [33m[33mArkTS:WARN File: /Users/arquiel/Downloads/AI/DeepRead/harmony/entry/src/main/ets/pages/ChatPage.ets:2964:18
 'showToast' has been deprecated.
[39m[39m
[33mWARN: [33m[33mArkTS:WARN File: /Users/arquiel/Downloads/AI/DeepRead/harmony/entry/src/main/ets/pages/ChatPage.ets:2964:18
 Function may throw exceptions. Special handling is required.
[39m[39m
[33mWARN: [33m[33mArkTS:WARN File: /Users/arquiel/Downloads/AI/DeepRead/harmony/entry/src/main/ets/pages/ChatPage.ets:2991:20
 'showToast' has been deprecated.
[39m[39m
[33mWARN: [33m[33mArkTS:WARN File: /Users/arquiel/Downloads/AI/DeepRead/harmony/entry/src/main/ets/pages/ChatPage.ets:2991:20
 Function may throw exceptions. Special handling is required.
[39m[39m
[33mWARN: [33m[33mArkTS:WARN File: /Users/arquiel/Downloads/AI/DeepRead/harmony/entry/src/main/ets/pages/ChatPage.ets:3014:20
 'showToast' has been deprecated.
[39m[39m
[33mWARN: [33m[33mArkTS:WARN File: /Users/arquiel/Downloads/AI/DeepRead/harmony/entry/src/main/ets/pages/ChatPage.ets:3065:12
 'replaceUrl' has been deprecated.
[39m[39m
[33mWARN: [33m[33mArkTS:WARN File: /Users/arquiel/Downloads/AI/DeepRead/harmony/entry/src/main/ets/pages/ChatPage.ets:3065:12
 Function may throw exceptions. Special handling is required.
[39m[39m
[33mWARN: [33m[33mArkTS:WARN File: /Users/arquiel/Downloads/AI/DeepRead/harmony/entry/src/main/ets/pages/ChatPage.ets:3074:5
 'AlertDialog' has been deprecated.
[39m[39m
[33mWARN: [33m[33mArkTS:WARN File: /Users/arquiel/Downloads/AI/DeepRead/harmony/entry/src/main/ets/pages/ChatPage.ets:3074:17
 'show' has been deprecated.
[39m[39m
[33mWARN: [33m[33mArkTS:WARN File: /Users/arquiel/Downloads/AI/DeepRead/harmony/entry/src/main/ets/pages/ChatPage.ets:3096:22
 'replaceUrl' has been deprecated.
[39m[39m
[33mWARN: [33m[33mArkTS:WARN File: /Users/arquiel/Downloads/AI/DeepRead/harmony/entry/src/main/ets/pages/ChatPage.ets:3117:12
 'pushUrl' has been deprecated.
[39m[39m
[33mWARN: [33m[33mArkTS:WARN File: /Users/arquiel/Downloads/AI/DeepRead/harmony/entry/src/main/ets/pages/ChatPage.ets:3117:12
 Function may throw exceptions. Special handling is required.
[39m[39m
[33mWARN: [33m[33mArkTS:WARN File: /Users/arquiel/Downloads/AI/DeepRead/harmony/entry/src/main/ets/pages/ChatPage.ets:3122:12
 'pushUrl' has been deprecated.
[39m[39m
[33mWARN: [33m[33mArkTS:WARN File: /Users/arquiel/Downloads/AI/DeepRead/harmony/entry/src/main/ets/pages/ChatPage.ets:3122:12
 Function may throw exceptions. Special handling is required.
[39m[39m
[33mWARN: [33m[33mArkTS:WARN File: /Users/arquiel/Downloads/AI/DeepRead/harmony/entry/src/main/ets/pages/ChatPage.ets:3127:12
 'pushUrl' has been deprecated.
[39m[39m
[33mWARN: [33m[33mArkTS:WARN File: /Users/arquiel/Downloads/AI/DeepRead/harmony/entry/src/main/ets/pages/ChatPage.ets:3127:12
 Function may throw exceptions. Special handling is required.
[39m[39m
[33mWARN: [33m[33mArkTS:WARN File: /Users/arquiel/Downloads/AI/DeepRead/harmony/entry/src/main/ets/pages/ChatPage.ets:3132:12
 'pushUrl' has been deprecated.
[39m[39m
[33mWARN: [33m[33mArkTS:WARN File: /Users/arquiel/Downloads/AI/DeepRead/harmony/entry/src/main/ets/pages/ChatPage.ets:3132:12
 Function may throw exceptions. Special handling is required.
[39m[39m
[33mWARN: [33m[33mArkTS:WARN File: /Users/arquiel/Downloads/AI/DeepRead/harmony/entry/src/main/ets/pages/ChatPage.ets:3174:5
 'animateTo' has been deprecated.
[39m[39m
[33mWARN: [33m[33mArkTS:WARN File: /Users/arquiel/Downloads/AI/DeepRead/harmony/entry/src/main/ets/pages/ChatPage.ets:3224:9
 'animateTo' has been deprecated.
[39m[39m
[33mWARN: [33m[33mArkTS:WARN File: /Users/arquiel/Downloads/AI/DeepRead/harmony/entry/src/main/ets/pages/ChatPage.ets:3308:42
 'showToast' has been deprecated.
[39m[39m
[33mWARN: [33m[33mArkTS:WARN File: /Users/arquiel/Downloads/AI/DeepRead/harmony/entry/src/main/ets/pages/ChatPage.ets:3519:12
 'pushUrl' has been deprecated.
[39m[39m
[33mWARN: [33m[33mArkTS:WARN File: /Users/arquiel/Downloads/AI/DeepRead/harmony/entry/src/main/ets/pages/ChatPage.ets:3519:12
 Function may throw exceptions. Special handling is required.
[39m[39m
[33mWARN: [33m[33mArkTS:WARN File: /Users/arquiel/Downloads/AI/DeepRead/harmony/entry/src/main/ets/pages/ChatPage.ets:4177:20
 'pushUrl' has been deprecated.
[39m[39m
[33mWARN: [33m[33mArkTS:WARN File: /Users/arquiel/Downloads/AI/DeepRead/harmony/entry/src/main/ets/pages/ChatPage.ets:4180:51
 'pushUrl' has been deprecated.
[39m[39m
[33mWARN: [33m[33mArkTS:WARN File: /Users/arquiel/Downloads/AI/DeepRead/harmony/entry/src/main/ets/pages/ChatPage.ets:4763:13
 'animateTo' has been deprecated.
[39m[39m
[33mWARN: [33m[33mArkTS:WARN File: /Users/arquiel/Downloads/AI/DeepRead/harmony/entry/src/main/ets/pages/ChatPage.ets:4837:18
 'pushUrl' has been deprecated.
[39m[39m
[33mWARN: [33m[33mArkTS:WARN File: /Users/arquiel/Downloads/AI/DeepRead/harmony/entry/src/main/ets/pages/ChatPage.ets:4842:18
 'pushUrl' has been deprecated.
[39m[39m
[33mWARN: [33m[33mArkTS:WARN File: /Users/arquiel/Downloads/AI/DeepRead/harmony/entry/src/main/ets/pages/ChatPage.ets:4948:7
 'animateTo' has been deprecated.
[39m[39m
[33mWARN: [33m[33mArkTS:WARN File: /Users/arquiel/Downloads/AI/DeepRead/harmony/entry/src/main/ets/pages/ChatProviderDetailPage.ets:159:14
 'getParams' has been deprecated.
[39m[39m
[33mWARN: [33m[33mArkTS:WARN File: /Users/arquiel/Downloads/AI/DeepRead/harmony/entry/src/main/ets/pages/ChatProviderDetailPage.ets:230:14
 'pushUrl' has been deprecated.
[39m[39m
[33mWARN: [33m[33mArkTS:WARN File: /Users/arquiel/Downloads/AI/DeepRead/harmony/entry/src/main/ets/pages/ChatProviderDetailPage.ets:243:14
 'pushUrl' has been deprecated.
[39m[39m
[33mWARN: [33m[33mArkTS:WARN File: /Users/arquiel/Downloads/AI/DeepRead/harmony/entry/src/main/ets/pages/ChatProviderDetailPage.ets:696:44
 'getContext' has been deprecated.
[39m[39m
[33mWARN: [33m[33mArkTS:WARN File: /Users/arquiel/Downloads/AI/DeepRead/harmony/entry/src/main/ets/pages/ChatProviderDetailPage.ets:702:22
 'showToast' has been deprecated.
[39m[39m
[33mWARN: [33m[33mArkTS:WARN File: /Users/arquiel/Downloads/AI/DeepRead/harmony/entry/src/main/ets/pages/ChatProviderDetailPage.ets:705:20
 'showToast' has been deprecated.
[39m[39m
[33mWARN: [33m[33mArkTS:WARN File: /Users/arquiel/Downloads/AI/DeepRead/harmony/entry/src/main/ets/pages/ChatProviderDetailPage.ets:705:20
 Function may throw exceptions. Special handling is required.
[39m[39m
[33mWARN: [33m[33mArkTS:WARN File: /Users/arquiel/Downloads/AI/DeepRead/harmony/entry/src/main/ets/pages/ChatProviderDetailPage.ets:794:8
 Function may throw exceptions. Special handling is required.
[39m[39m
[33mWARN: [33m[33mArkTS:WARN File: /Users/arquiel/Downloads/AI/DeepRead/harmony/entry/src/main/ets/pages/ChatProviderDetailPage.ets:795:18
 'showToast' has been deprecated.
[39m[39m
[33mWARN: [33m[33mArkTS:WARN File: /Users/arquiel/Downloads/AI/DeepRead/harmony/entry/src/main/ets/pages/ChatProviderDetailPage.ets:795:18
 Function may throw exceptions. Special handling is required.
[39m[39m
[33mWARN: [33m[33mArkTS:WARN File: /Users/arquiel/Downloads/AI/DeepRead/harmony/entry/src/main/ets/pages/ChatProviderDetailPage.ets:802:44
 'getContext' has been deprecated.
[39m[39m
[33mWARN: [33m[33mArkTS:WARN File: /Users/arquiel/Downloads/AI/DeepRead/harmony/entry/src/main/ets/pages/ChatProviderDetailPage.ets:808:22
 'showToast' has been deprecated.
[39m[39m
[33mWARN: [33m[33mArkTS:WARN File: /Users/arquiel/Downloads/AI/DeepRead/harmony/entry/src/main/ets/pages/ChatProviderDetailPage.ets:811:20
 'showToast' has been deprecated.
[39m[39m
[33mWARN: [33m[33mArkTS:WARN File: /Users/arquiel/Downloads/AI/DeepRead/harmony/entry/src/main/ets/pages/ChatProviderDetailPage.ets:811:20
 Function may throw exceptions. Special handling is required.
[39m[39m
[33mWARN: [33m[33mArkTS:WARN File: /Users/arquiel/Downloads/AI/DeepRead/harmony/entry/src/main/ets/pages/ChatProviderDetailPage.ets:865:20
 'showToast' has been deprecated.
[39m[39m
[33mWARN: [33m[33mArkTS:WARN File: /Users/arquiel/Downloads/AI/DeepRead/harmony/entry/src/main/ets/pages/ChatProviderDetailPage.ets:865:20
 Function may throw exceptions. Special handling is required.
[39m[39m
[33mWARN: [33m[33mArkTS:WARN File: /Users/arquiel/Downloads/AI/DeepRead/harmony/entry/src/main/ets/pages/ChatProviderDetailPage.ets:900:33
 'getContext' has been deprecated.
[39m[39m
[33mWARN: [33m[33mArkTS:WARN File: /Users/arquiel/Downloads/AI/DeepRead/harmony/entry/src/main/ets/pages/ChatProviderDetailPage.ets:919:20
 'showToast' has been deprecated.
[39m[39m
[33mWARN: [33m[33mArkTS:WARN File: /Users/arquiel/Downloads/AI/DeepRead/harmony/entry/src/main/ets/pages/ChatProviderDetailPage.ets:922:20
 'showToast' has been deprecated.
[39m[39m
[33mWARN: [33m[33mArkTS:WARN File: /Users/arquiel/Downloads/AI/DeepRead/harmony/entry/src/main/ets/pages/ChatProviderDetailPage.ets:922:20
 Function may throw exceptions. Special handling is required.
[39m[39m
[33mWARN: [33m[33mArkTS:WARN File: /Users/arquiel/Downloads/AI/DeepRead/harmony/entry/src/main/ets/pages/ChatProviderDetailPage.ets:927:33
 'getContext' has been deprecated.
[39m[39m
[33mWARN: [33m[33mArkTS:WARN File: /Users/arquiel/Downloads/AI/DeepRead/harmony/entry/src/main/ets/pages/ChatProviderDetailPage.ets:940:20
 'showToast' has been deprecated.
[39m[39m
[33mWARN: [33m[33mArkTS:WARN File: /Users/arquiel/Downloads/AI/DeepRead/harmony/entry/src/main/ets/pages/ChatProviderDetailPage.ets:943:20
 'showToast' has been deprecated.
[39m[39m
[33mWARN: [33m[33mArkTS:WARN File: /Users/arquiel/Downloads/AI/DeepRead/harmony/entry/src/main/ets/pages/ChatProviderDetailPage.ets:943:20
 Function may throw exceptions. Special handling is required.
[39m[39m
[33mWARN: [33m[33mArkTS:WARN File: /Users/arquiel/Downloads/AI/DeepRead/harmony/entry/src/main/ets/pages/ChatProviderDetailPage.ets:951:5
 'AlertDialog' has been deprecated.
[39m[39m
[33mWARN: [33m[33mArkTS:WARN File: /Users/arquiel/Downloads/AI/DeepRead/harmony/entry/src/main/ets/pages/ChatProviderDetailPage.ets:951:17
 'show' has been deprecated.
[39m[39m
[33mWARN: [33m[33mArkTS:WARN File: /Users/arquiel/Downloads/AI/DeepRead/harmony/entry/src/main/ets/pages/ChatProviderDetailPage.ets:970:30
 'showToast' has been deprecated.
[39m[39m
[33mWARN: [33m[33mArkTS:WARN File: /Users/arquiel/Downloads/AI/DeepRead/harmony/entry/src/main/ets/pages/ChatProviderDetailPage.ets:974:20
 'back' has been deprecated.
[39m[39m
[33mWARN: [33m[33mArkTS:WARN File: /Users/arquiel/Downloads/AI/DeepRead/harmony/entry/src/main/ets/pages/ChatProviderDetailPage.ets:1005:35
 'back' has been deprecated.
[39m[39m
[33mWARN: [33m[33mArkTS:WARN File: /Users/arquiel/Downloads/AI/DeepRead/harmony/entry/src/main/ets/pages/ChatProviderDetailPage.ets:1140:96
 'back' has been deprecated.
[39m[39m
[33mWARN: [33m[33mArkTS:WARN File: /Users/arquiel/Downloads/AI/DeepRead/harmony/entry/src/main/ets/pages/ChatProviderDetailPage.ets:1219:9
 'animateTo' has been deprecated.
[39m[39m
[33mWARN: [33m[33mArkTS:WARN File: /Users/arquiel/Downloads/AI/DeepRead/harmony/entry/src/main/ets/pages/ChatProviderDetailPage.ets:1237:9
 'animateTo' has been deprecated.
[39m[39m
[33mWARN: [33m[33mArkTS:WARN File: /Users/arquiel/Downloads/AI/DeepRead/harmony/entry/src/main/ets/pages/ChatProviderDetailPage.ets:1262:39
 'back' has been deprecated.
[39m[39m
[33mWARN: [33m[33mArkTS:WARN File: /Users/arquiel/Downloads/AI/DeepRead/harmony/entry/src/main/ets/pages/ChatProviderSettingsPage.ets:80:20
 'showToast' has been deprecated.
[39m[39m
[33mWARN: [33m[33mArkTS:WARN File: /Users/arquiel/Downloads/AI/DeepRead/harmony/entry/src/main/ets/pages/ChatProviderSettingsPage.ets:80:20
 Function may throw exceptions. Special handling is required.
[39m[39m
[33mWARN: [33m[33mArkTS:WARN File: /Users/arquiel/Downloads/AI/DeepRead/harmony/entry/src/main/ets/pages/ChatProviderSettingsPage.ets:90:12
 'pushUrl' has been deprecated.
[39m[39m
[33mWARN: [33m[33mArkTS:WARN File: /Users/arquiel/Downloads/AI/DeepRead/harmony/entry/src/main/ets/pages/ChatProviderSettingsPage.ets:90:12
 Function may throw exceptions. Special handling is required.
[39m[39m
[33mWARN: [33m[33mArkTS:WARN File: /Users/arquiel/Downloads/AI/DeepRead/harmony/entry/src/main/ets/pages/ChatProviderSettingsPage.ets:180:20
 'showToast' has been deprecated.
[39m[39m
[33mWARN: [33m[33mArkTS:WARN File: /Users/arquiel/Downloads/AI/DeepRead/harmony/entry/src/main/ets/pages/ChatProviderSettingsPage.ets:183:20
 'showToast' has been deprecated.
[39m[39m
[33mWARN: [33m[33mArkTS:WARN File: /Users/arquiel/Downloads/AI/DeepRead/harmony/entry/src/main/ets/pages/ChatProviderSettingsPage.ets:183:20
 Function may throw exceptions. Special handling is required.
[39m[39m
[33mWARN: [33m[33mArkTS:WARN File: /Users/arquiel/Downloads/AI/DeepRead/harmony/entry/src/main/ets/pages/ChatProviderSettingsPage.ets:281:16
 'pushUrl' has been deprecated.
[39m[39m
[33mWARN: [33m[33mArkTS:WARN File: /Users/arquiel/Downloads/AI/DeepRead/harmony/entry/src/main/ets/pages/ChatProviderSettingsPage.ets:323:42
 'pushUrl' has been deprecated.
[39m[39m
[33mWARN: [33m[33mArkTS:WARN File: /Users/arquiel/Downloads/AI/DeepRead/harmony/entry/src/main/ets/pages/ChatProviderSettingsPage.ets:326:42
 'pushUrl' has been deprecated.
[39m[39m
[33mWARN: [33m[33mArkTS:WARN File: /Users/arquiel/Downloads/AI/DeepRead/harmony/entry/src/main/ets/pages/ChatProviderSettingsPage.ets:331:40
 'pushUrl' has been deprecated.
[39m[39m
[33mWARN: [33m[33mArkTS:WARN File: /Users/arquiel/Downloads/AI/DeepRead/harmony/entry/src/main/ets/pages/ChatProviderSettingsPage.ets:337:40
 'pushUrl' has been deprecated.
[39m[39m
[33mWARN: [33m[33mArkTS:WARN File: /Users/arquiel/Downloads/AI/DeepRead/harmony/entry/src/main/ets/pages/ChatProviderSettingsPage.ets:368:37
 'pushUrl' has been deprecated.
[39m[39m
[33mWARN: [33m[33mArkTS:WARN File: /Users/arquiel/Downloads/AI/DeepRead/harmony/entry/src/main/ets/pages/ChatProviderSettingsPage.ets:599:22
 'pushUrl' has been deprecated.
[39m[39m
[33mWARN: [33m[33mArkTS:WARN File: /Users/arquiel/Downloads/AI/DeepRead/harmony/entry/src/main/ets/pages/ChatSearchSettingsPage.ets:294:5
 'animateTo' has been deprecated.
[39m[39m
[33mWARN: [33m[33mArkTS:WARN File: /Users/arquiel/Downloads/AI/DeepRead/harmony/entry/src/main/ets/pages/ChatSearchSettingsPage.ets:743:17
 'animateTo' has been deprecated.
[39m[39m
[33mWARN: [33m[33mArkTS:WARN File: /Users/arquiel/Downloads/AI/DeepRead/harmony/entry/src/main/ets/pages/ChatSearchSettingsPage.ets:915:65
 'back' has been deprecated.
[39m[39m
[33mWARN: [33m[33mArkTS:WARN File: /Users/arquiel/Downloads/AI/DeepRead/harmony/entry/src/main/ets/pages/ChatTaskModelPickerPage.ets:75:50
 'getParams' has been deprecated.
[39m[39m
[33mWARN: [33m[33mArkTS:WARN File: /Users/arquiel/Downloads/AI/DeepRead/harmony/entry/src/main/ets/pages/ChatTaskModelPickerPage.ets:168:46
 'back' has been deprecated.
[39m[39m
[33mWARN: [33m[33mArkTS:WARN File: /Users/arquiel/Downloads/AI/DeepRead/harmony/entry/src/main/ets/pages/ChatTaskModelPickerPage.ets:212:45
 'pushUrl' has been deprecated.
[39m[39m
[33mWARN: [33m[33mArkTS:WARN File: /Users/arquiel/Downloads/AI/DeepRead/harmony/entry/src/main/ets/pages/ChatTaskModelsPage.ets:262:51
 'pushUrl' has been deprecated.
[39m[39m
[33mWARN: [33m[33mArkTS:WARN File: /Users/arquiel/Downloads/AI/DeepRead/harmony/entry/src/main/ets/pages/ChatTaskModelsPage.ets:262:51
 Function may throw exceptions. Special handling is required.
[39m[39m
[33mWARN: [33m[33mArkTS:WARN File: /Users/arquiel/Downloads/AI/DeepRead/harmony/entry/src/main/ets/pages/ChatTaskModelsPage.ets:378:35
 'pushUrl' has been deprecated.
[39m[39m
[33mWARN: [33m[33mArkTS:WARN File: /Users/arquiel/Downloads/AI/DeepRead/harmony/entry/src/main/ets/pages/CouncilPage.ets:75:56
 'pushUrl' has been deprecated.
[39m[39m
[33mWARN: [33m[33mArkTS:WARN File: /Users/arquiel/Downloads/AI/DeepRead/harmony/entry/src/main/ets/pages/CouncilPage.ets:95:22
 'pushUrl' has been deprecated.
[39m[39m
[33mWARN: [33m[33mArkTS:WARN File: /Users/arquiel/Downloads/AI/DeepRead/harmony/entry/src/main/ets/pages/CouncilPage.ets:108:40
 'pushUrl' has been deprecated.
[39m[39m
[33mWARN: [33m[33mArkTS:WARN File: /Users/arquiel/Downloads/AI/DeepRead/harmony/entry/src/main/ets/pages/CouncilRunPage.ets:129:27
 'getParams' has been deprecated.
[39m[39m
[33mWARN: [33m[33mArkTS:WARN File: /Users/arquiel/Downloads/AI/DeepRead/harmony/entry/src/main/ets/pages/CouncilRunPage.ets:498:18
 'showActionMenu' has been deprecated.
[39m[39m
[33mWARN: [33m[33mArkTS:WARN File: /Users/arquiel/Downloads/AI/DeepRead/harmony/entry/src/main/ets/pages/CouncilRunPage.ets:498:18
 Function may throw exceptions. Special handling is required.
[39m[39m
[33mWARN: [33m[33mArkTS:WARN File: /Users/arquiel/Downloads/AI/DeepRead/harmony/entry/src/main/ets/pages/CouncilRunPage.ets:523:39
 'back' has been deprecated.
[39m[39m
[33mWARN: [33m[33mArkTS:WARN File: /Users/arquiel/Downloads/AI/DeepRead/harmony/entry/src/main/ets/pages/CouncilRunPage.ets:532:39
 'pushUrl' has been deprecated.
[39m[39m
[33mWARN: [33m[33mArkTS:WARN File: /Users/arquiel/Downloads/AI/DeepRead/harmony/entry/src/main/ets/components/deepread/DeepReadNewsroomDesk.ets:135:49
 The 'fill' API is supported since SDK version 26.0.0. However, the current compatible SDK version is 5.0.0(12).
 It is recommended to use apiAvailable to safeguard API compatibility.
[39m[39m
[33mWARN: [33m[33mArkTS:WARN File: /Users/arquiel/Downloads/AI/DeepRead/harmony/entry/src/main/ets/components/deepread/DeepReadNewsroomDesk.ets:135:73
 The 'stroke' API is supported since SDK version 26.0.0. However, the current compatible SDK version is 5.0.0(12).
 It is recommended to use apiAvailable to safeguard API compatibility.
[39m[39m
[33mWARN: [33m[33mArkTS:WARN File: /Users/arquiel/Downloads/AI/DeepRead/harmony/entry/src/main/ets/components/deepread/DeepReadNewsroomDesk.ets:138:47
 The 'fill' API is supported since SDK version 26.0.0. However, the current compatible SDK version is 5.0.0(12).
 It is recommended to use apiAvailable to safeguard API compatibility.
[39m[39m
[33mWARN: [33m[33mArkTS:WARN File: /Users/arquiel/Downloads/AI/DeepRead/harmony/entry/src/main/ets/components/deepread/DeepReadNewsroomDesk.ets:139:16
 The 'stroke' API is supported since SDK version 26.0.0. However, the current compatible SDK version is 5.0.0(12).
 It is recommended to use apiAvailable to safeguard API compatibility.
[39m[39m
[33mWARN: [33m[33mArkTS:WARN File: /Users/arquiel/Downloads/AI/DeepRead/harmony/entry/src/main/ets/components/deepread/DeepReadArticleMagazine.ets:136:47
 The 'fill' API is supported since SDK version 26.0.0. However, the current compatible SDK version is 5.0.0(12).
 It is recommended to use apiAvailable to safeguard API compatibility.
[39m[39m
[33mWARN: [33m[33mArkTS:WARN File: /Users/arquiel/Downloads/AI/DeepRead/harmony/entry/src/main/ets/components/deepread/DeepReadArticleMagazine.ets:137:18
 The 'stroke' API is supported since SDK version 26.0.0. However, the current compatible SDK version is 5.0.0(12).
 It is recommended to use apiAvailable to safeguard API compatibility.
[39m[39m
[33mWARN: [33m[33mArkTS:WARN File: /Users/arquiel/Downloads/AI/DeepRead/harmony/entry/src/main/ets/components/DeepReadNativeArticleBody.ets:89:18
 The 'fill' API is supported since SDK version 26.0.0. However, the current compatible SDK version is 5.0.0(12).
 It is recommended to use apiAvailable to safeguard API compatibility.
[39m[39m
[33mWARN: [33m[33mArkTS:WARN File: /Users/arquiel/Downloads/AI/DeepRead/harmony/entry/src/main/ets/pages/DeepReadSourcesPage.ets:18:46
 'back' has been deprecated.
[39m[39m
[33mWARN: [33m[33mArkTS:WARN File: /Users/arquiel/Downloads/AI/DeepRead/harmony/entry/src/main/ets/pages/DeepReadSourcesPage.ets:42:41
 'getParams' has been deprecated.
[39m[39m
[33mWARN: [33m[33mArkTS:WARN File: /Users/arquiel/Downloads/AI/DeepRead/harmony/entry/src/main/ets/pages/DeepReadSourcesPage.ets:142:96
 'back' has been deprecated.
[39m[39m
[33mWARN: [33m[33mArkTS:WARN File: /Users/arquiel/Downloads/AI/DeepRead/harmony/entry/src/main/ets/components/DeepReadGoogleSearchHost.ets:22:52
 Function may throw exceptions. Special handling is required.
[39m[39m
[33mWARN: [33m[33mArkTS:WARN File: /Users/arquiel/Downloads/AI/DeepRead/harmony/entry/src/main/ets/pages/DeepReadArticlePage.ets:142:38
 'getParams' has been deprecated.
[39m[39m
[33mWARN: [33m[33mArkTS:WARN File: /Users/arquiel/Downloads/AI/DeepRead/harmony/entry/src/main/ets/pages/DeepReadArticlePage.ets:274:37
 'back' has been deprecated.
[39m[39m
[33mWARN: [33m[33mArkTS:WARN File: /Users/arquiel/Downloads/AI/DeepRead/harmony/entry/src/main/ets/pages/DeepReadArticlePage.ets:286:14
 'pushUrl' has been deprecated.
[39m[39m
[33mWARN: [33m[33mArkTS:WARN File: /Users/arquiel/Downloads/AI/DeepRead/harmony/entry/src/main/ets/pages/DeepReadArticlePage.ets:286:14
 Function may throw exceptions. Special handling is required.
[39m[39m
[33mWARN: [33m[33mArkTS:WARN File: /Users/arquiel/Downloads/AI/DeepRead/harmony/entry/src/main/ets/pages/DeepReadArticlePage.ets:338:12
 'pushUrl' has been deprecated.
[39m[39m
[33mWARN: [33m[33mArkTS:WARN File: /Users/arquiel/Downloads/AI/DeepRead/harmony/entry/src/main/ets/pages/DeepReadArticlePage.ets:339:40
 'showToast' has been deprecated.
[39m[39m
[33mWARN: [33m[33mArkTS:WARN File: /Users/arquiel/Downloads/AI/DeepRead/harmony/entry/src/main/ets/pages/DeepReadArticlePage.ets:588:44
 'getContext' has been deprecated.
[39m[39m
[33mWARN: [33m[33mArkTS:WARN File: /Users/arquiel/Downloads/AI/DeepRead/harmony/entry/src/main/ets/pages/DeepReadArticlePage.ets:594:22
 'showToast' has been deprecated.
[39m[39m
[33mWARN: [33m[33mArkTS:WARN File: /Users/arquiel/Downloads/AI/DeepRead/harmony/entry/src/main/ets/pages/DeepReadArticlePage.ets:597:20
 'showToast' has been deprecated.
[39m[39m
[33mWARN: [33m[33mArkTS:WARN File: /Users/arquiel/Downloads/AI/DeepRead/harmony/entry/src/main/ets/pages/DeepReadArticlePage.ets:597:20
 Function may throw exceptions. Special handling is required.
[39m[39m
[33mWARN: [33m[33mArkTS:WARN File: /Users/arquiel/Downloads/AI/DeepRead/harmony/entry/src/main/ets/pages/DeepReadArticlePage.ets:641:41
 'showToast' has been deprecated.
[39m[39m
[33mWARN: [33m[33mArkTS:WARN File: /Users/arquiel/Downloads/AI/DeepRead/harmony/entry/src/main/ets/pages/DeepReadArticlePage.ets:851:58
 'showToast' has been deprecated.
[39m[39m
[33mWARN: [33m[33mArkTS:WARN File: /Users/arquiel/Downloads/AI/DeepRead/harmony/entry/src/main/ets/pages/DeepReadArticlePage.ets:978:60
 'showToast' has been deprecated.
[39m[39m
[33mWARN: [33m[33mArkTS:WARN File: /Users/arquiel/Downloads/AI/DeepRead/harmony/entry/src/main/ets/pages/DeepReadArticlePage.ets:996:58
 'showToast' has been deprecated.
[39m[39m
[33mWARN: [33m[33mArkTS:WARN File: /Users/arquiel/Downloads/AI/DeepRead/harmony/entry/src/main/ets/components/deepread/DeepReadTemplateWorkbench.ets:162:17
 'back' has been deprecated.
[39m[39m
[33mWARN: [33m[33mArkTS:WARN File: /Users/arquiel/Downloads/AI/DeepRead/harmony/entry/src/main/ets/components/deepread/DeepReadTemplateWorkbench.ets:177:5
 'AlertDialog' has been deprecated.
[39m[39m
[33mWARN: [33m[33mArkTS:WARN File: /Users/arquiel/Downloads/AI/DeepRead/harmony/entry/src/main/ets/components/deepread/DeepReadTemplateWorkbench.ets:177:17
 'show' has been deprecated.
[39m[39m
[33mWARN: [33m[33mArkTS:WARN File: /Users/arquiel/Downloads/AI/DeepRead/harmony/entry/src/main/ets/components/deepread/DeepReadTemplateWorkbench.ets:331:5
 'AlertDialog' has been deprecated.
[39m[39m
[33mWARN: [33m[33mArkTS:WARN File: /Users/arquiel/Downloads/AI/DeepRead/harmony/entry/src/main/ets/components/deepread/DeepReadTemplateWorkbench.ets:331:17
 'show' has been deprecated.
[39m[39m
[33mWARN: [33m[33mArkTS:WARN File: /Users/arquiel/Downloads/AI/DeepRead/harmony/entry/src/main/ets/components/deepread/DeepReadTemplateWorkbench.ets:705:40
 'pushUrl' has been deprecated.
[39m[39m
[33mWARN: [33m[33mArkTS:WARN File: /Users/arquiel/Downloads/AI/DeepRead/harmony/entry/src/main/ets/pages/DeepReadTemplateSettingsPage.ets:54:52
 'getParams' has been deprecated.
[39m[39m
[33mWARN: [33m[33mArkTS:WARN File: /Users/arquiel/Downloads/AI/DeepRead/harmony/entry/src/main/ets/pages/DeepReadTemplateSettingsPage.ets:139:12
 'pushUrl' has been deprecated.
[39m[39m
[33mWARN: [33m[33mArkTS:WARN File: /Users/arquiel/Downloads/AI/DeepRead/harmony/entry/src/main/ets/pages/DeepReadTemplateSettingsPage.ets:139:12
 Function may throw exceptions. Special handling is required.
[39m[39m
[33mWARN: [33m[33mArkTS:WARN File: /Users/arquiel/Downloads/AI/DeepRead/harmony/entry/src/main/ets/pages/DeepReadTemplateSettingsPage.ets:144:12
 'pushUrl' has been deprecated.
[39m[39m
[33mWARN: [33m[33mArkTS:WARN File: /Users/arquiel/Downloads/AI/DeepRead/harmony/entry/src/main/ets/pages/DeepReadTemplateSettingsPage.ets:144:12
 Function may throw exceptions. Special handling is required.
[39m[39m
[33mWARN: [33m[33mArkTS:WARN File: /Users/arquiel/Downloads/AI/DeepRead/harmony/entry/src/main/ets/pages/DeepReadTemplateSettingsPage.ets:149:14
 'pushUrl' has been deprecated.
[39m[39m
[33mWARN: [33m[33mArkTS:WARN File: /Users/arquiel/Downloads/AI/DeepRead/harmony/entry/src/main/ets/pages/DeepReadTemplateSettingsPage.ets:149:14
 Function may throw exceptions. Special handling is required.
[39m[39m
[33mWARN: [33m[33mArkTS:WARN File: /Users/arquiel/Downloads/AI/DeepRead/harmony/entry/src/main/ets/pages/DeepReadTemplateSettingsPage.ets:153:12
 'pushUrl' has been deprecated.
[39m[39m
[33mWARN: [33m[33mArkTS:WARN File: /Users/arquiel/Downloads/AI/DeepRead/harmony/entry/src/main/ets/pages/DeepReadTemplateSettingsPage.ets:153:12
 Function may throw exceptions. Special handling is required.
[39m[39m
[33mWARN: [33m[33mArkTS:WARN File: /Users/arquiel/Downloads/AI/DeepRead/harmony/entry/src/main/ets/pages/DeepReadTemplateSettingsPage.ets:233:44
 'back' has been deprecated.
[39m[39m
[33mWARN: [33m[33mArkTS:WARN File: /Users/arquiel/Downloads/AI/DeepRead/harmony/entry/src/main/ets/pages/DeepReadTemplateWorkbenchPage.ets:30:50
 'getParams' has been deprecated.
[39m[39m
[33mWARN: [33m[33mArkTS:WARN File: /Users/arquiel/Downloads/AI/DeepRead/harmony/entry/src/main/ets/pages/FavoritePage.ets:57:14
 'pushUrl' has been deprecated.
[39m[39m
[33mWARN: [33m[33mArkTS:WARN File: /Users/arquiel/Downloads/AI/DeepRead/harmony/entry/src/main/ets/pages/FavoritePage.ets:59:42
 'showToast' has been deprecated.
[39m[39m
[33mWARN: [33m[33mArkTS:WARN File: /Users/arquiel/Downloads/AI/DeepRead/harmony/entry/src/main/ets/pages/FavoritePage.ets:70:5
 'AlertDialog' has been deprecated.
[39m[39m
[33mWARN: [33m[33mArkTS:WARN File: /Users/arquiel/Downloads/AI/DeepRead/harmony/entry/src/main/ets/pages/FavoritePage.ets:70:17
 'show' has been deprecated.
[39m[39m
[33mWARN: [33m[33mArkTS:WARN File: /Users/arquiel/Downloads/AI/DeepRead/harmony/entry/src/main/ets/pages/FavoritePage.ets:76:26
 'showToast' has been deprecated.
[39m[39m
[33mWARN: [33m[33mArkTS:WARN File: /Users/arquiel/Downloads/AI/DeepRead/harmony/entry/src/main/ets/pages/HistoryPage.ets:114:5
 'animateTo' has been deprecated.
[39m[39m
[33mWARN: [33m[33mArkTS:WARN File: /Users/arquiel/Downloads/AI/DeepRead/harmony/entry/src/main/ets/pages/HistoryPage.ets:124:5
 'animateTo' has been deprecated.
[39m[39m
[33mWARN: [33m[33mArkTS:WARN File: /Users/arquiel/Downloads/AI/DeepRead/harmony/entry/src/main/ets/pages/HistoryPage.ets:175:22
 'showToast' has been deprecated.
[39m[39m
[33mWARN: [33m[33mArkTS:WARN File: /Users/arquiel/Downloads/AI/DeepRead/harmony/entry/src/main/ets/pages/HistoryPage.ets:178:22
 'showToast' has been deprecated.
[39m[39m
[33mWARN: [33m[33mArkTS:WARN File: /Users/arquiel/Downloads/AI/DeepRead/harmony/entry/src/main/ets/pages/HistoryPage.ets:181:20
 'showToast' has been deprecated.
[39m[39m
[33mWARN: [33m[33mArkTS:WARN File: /Users/arquiel/Downloads/AI/DeepRead/harmony/entry/src/main/ets/pages/HistoryPage.ets:203:20
 'pushUrl' has been deprecated.
[39m[39m
[33mWARN: [33m[33mArkTS:WARN File: /Users/arquiel/Downloads/AI/DeepRead/harmony/entry/src/main/ets/pages/MemoryTopicsPage.ets:134:12
 'pushUrl' has been deprecated.
[39m[39m
[33mWARN: [33m[33mArkTS:WARN File: /Users/arquiel/Downloads/AI/DeepRead/harmony/entry/src/main/ets/pages/MemoryTopicsPage.ets:134:12
 Function may throw exceptions. Special handling is required.
[39m[39m
[33mWARN: [33m[33mArkTS:WARN File: /Users/arquiel/Downloads/AI/DeepRead/harmony/entry/src/main/ets/pages/MemoryTopicsPage.ets:146:40
 'pushUrl' has been deprecated.
[39m[39m
[33mWARN: [33m[33mArkTS:WARN File: /Users/arquiel/Downloads/AI/DeepRead/harmony/entry/src/main/ets/pages/MemoryTopicsPage.ets:226:9
 'animateTo' has been deprecated.
[39m[39m
[33mWARN: [33m[33mArkTS:WARN File: /Users/arquiel/Downloads/AI/DeepRead/harmony/entry/src/main/ets/pages/MemoryTopicsPage.ets:245:41
 'pushUrl' has been deprecated.
[39m[39m
[33mWARN: [33m[33mArkTS:WARN File: /Users/arquiel/Downloads/AI/DeepRead/harmony/entry/src/main/ets/pages/MemoryTopicsPage.ets:256:40
 'pushUrl' has been deprecated.
[39m[39m
[33mWARN: [33m[33mArkTS:WARN File: /Users/arquiel/Downloads/AI/DeepRead/harmony/entry/src/main/ets/pages/MemoryTopicDetailPage.ets:35:46
 'getParams' has been deprecated.
[39m[39m
[33mWARN: [33m[33mArkTS:WARN File: /Users/arquiel/Downloads/AI/DeepRead/harmony/entry/src/main/ets/pages/MemoryTopicDetailPage.ets:72:5
 'AlertDialog' has been deprecated.
[39m[39m
[33mWARN: [33m[33mArkTS:WARN File: /Users/arquiel/Downloads/AI/DeepRead/harmony/entry/src/main/ets/pages/MemoryTopicDetailPage.ets:72:17
 'show' has been deprecated.
[39m[39m
[33mWARN: [33m[33mArkTS:WARN File: /Users/arquiel/Downloads/AI/DeepRead/harmony/entry/src/main/ets/pages/MemoryTopicDetailPage.ets:118:43
 'pushUrl' has been deprecated.
[39m[39m
[33mWARN: [33m[33mArkTS:WARN File: /Users/arquiel/Downloads/AI/DeepRead/harmony/entry/src/main/ets/pages/MemoryTopicDetailPage.ets:149:18
 'pushUrl' has been deprecated.
[39m[39m
[33mWARN: [33m[33mArkTS:WARN File: /Users/arquiel/Downloads/AI/DeepRead/harmony/entry/src/main/ets/pages/MemoryRecordPage.ets:42:47
 'getParams' has been deprecated.
[39m[39m
[33mWARN: [33m[33mArkTS:WARN File: /Users/arquiel/Downloads/AI/DeepRead/harmony/entry/src/main/ets/pages/MemoryRecordPage.ets:118:5
 'AlertDialog' has been deprecated.
[39m[39m
[33mWARN: [33m[33mArkTS:WARN File: /Users/arquiel/Downloads/AI/DeepRead/harmony/entry/src/main/ets/pages/MemoryRecordPage.ets:118:17
 'show' has been deprecated.
[39m[39m
[33mWARN: [33m[33mArkTS:WARN File: /Users/arquiel/Downloads/AI/DeepRead/harmony/entry/src/main/ets/pages/MemoryRecordPage.ets:146:16
 'pushUrl' has been deprecated.
[39m[39m
[33mWARN: [33m[33mArkTS:WARN File: /Users/arquiel/Downloads/AI/DeepRead/harmony/entry/src/main/ets/pages/MemoryRecordPage.ets:152:14
 'pushUrl' has been deprecated.
[39m[39m
[33mWARN: [33m[33mArkTS:WARN File: /Users/arquiel/Downloads/AI/DeepRead/harmony/entry/src/main/ets/pages/MemoryRecordPage.ets:172:43
 'replaceUrl' has been deprecated.
[39m[39m
[33mWARN: [33m[33mArkTS:WARN File: /Users/arquiel/Downloads/AI/DeepRead/harmony/entry/src/main/ets/pages/MemoryRecordsPage.ets:98:39
 'pushUrl' has been deprecated.
[39m[39m
[33mWARN: [33m[33mArkTS:WARN File: /Users/arquiel/Downloads/AI/DeepRead/harmony/entry/src/main/ets/pages/MemoryDocumentPage.ets:36:49
 'getParams' has been deprecated.
[39m[39m
[33mWARN: [33m[33mArkTS:WARN File: /Users/arquiel/Downloads/AI/DeepRead/harmony/entry/src/main/ets/pages/MemoryDocumentPage.ets:79:12
 'pushUrl' has been deprecated.
[39m[39m
[33mWARN: [33m[33mArkTS:WARN File: /Users/arquiel/Downloads/AI/DeepRead/harmony/entry/src/main/ets/pages/MemoryDocumentPage.ets:79:12
 Function may throw exceptions. Special handling is required.
[39m[39m
[33mWARN: [33m[33mArkTS:WARN File: /Users/arquiel/Downloads/AI/DeepRead/harmony/entry/src/main/ets/pages/MemoryDocumentPage.ets:135:43
 'pushUrl' has been deprecated.
[39m[39m
[33mWARN: [33m[33mArkTS:WARN File: /Users/arquiel/Downloads/AI/DeepRead/harmony/entry/src/main/ets/pages/MemoryDocumentPage.ets:163:9
 'animateTo' has been deprecated.
[39m[39m
[33mWARN: [33m[33mArkTS:WARN File: /Users/arquiel/Downloads/AI/DeepRead/harmony/entry/src/main/ets/pages/MiniAppListPage.ets:85:37
 'back' has been deprecated.
[39m[39m
[33mWARN: [33m[33mArkTS:WARN File: /Users/arquiel/Downloads/AI/DeepRead/harmony/entry/src/main/ets/pages/MiniAppListPage.ets:89:18
 'showToast' has been deprecated.
[39m[39m
[33mWARN: [33m[33mArkTS:WARN File: /Users/arquiel/Downloads/AI/DeepRead/harmony/entry/src/main/ets/pages/MiniAppListPage.ets:89:18
 Function may throw exceptions. Special handling is required.
[39m[39m
[33mWARN: [33m[33mArkTS:WARN File: /Users/arquiel/Downloads/AI/DeepRead/harmony/entry/src/main/ets/pages/MiniAppListPage.ets:106:12
 'pushUrl' has been deprecated.
[39m[39m
[33mWARN: [33m[33mArkTS:WARN File: /Users/arquiel/Downloads/AI/DeepRead/harmony/entry/src/main/ets/pages/MiniAppListPage.ets:106:12
 Function may throw exceptions. Special handling is required.
[39m[39m
[33mWARN: [33m[33mArkTS:WARN File: /Users/arquiel/Downloads/AI/DeepRead/harmony/entry/src/main/ets/pages/MiniAppListPage.ets:110:12
 'pushUrl' has been deprecated.
[39m[39m
[33mWARN: [33m[33mArkTS:WARN File: /Users/arquiel/Downloads/AI/DeepRead/harmony/entry/src/main/ets/pages/MiniAppListPage.ets:110:12
 Function may throw exceptions. Special handling is required.
[39m[39m
[33mWARN: [33m[33mArkTS:WARN File: /Users/arquiel/Downloads/AI/DeepRead/harmony/entry/src/main/ets/pages/MiniAppListPage.ets:176:26
 'getContext' has been deprecated.
[39m[39m
[33mWARN: [33m[33mArkTS:WARN File: /Users/arquiel/Downloads/AI/DeepRead/harmony/entry/src/main/ets/pages/MiniAppListPage.ets:208:26
 'getContext' has been deprecated.
[39m[39m
[33mWARN: [33m[33mArkTS:WARN File: /Users/arquiel/Downloads/AI/DeepRead/harmony/entry/src/main/ets/platform_impl/MiniAppBridgeImpl.ets:158:26
 Function may throw exceptions. Special handling is required.
[39m[39m
[33mWARN: [33m[33mArkTS:WARN File: /Users/arquiel/Downloads/AI/DeepRead/harmony/entry/src/main/ets/platform_impl/MiniAppBridgeImpl.ets:199:65
 Function may throw exceptions. Special handling is required.
[39m[39m
[33mWARN: [33m[33mArkTS:WARN File: /Users/arquiel/Downloads/AI/DeepRead/harmony/entry/src/main/ets/platform_impl/MiniAppBridgeImpl.ets:421:15
 Function may throw exceptions. Special handling is required.
[39m[39m
[33mWARN: [33m[33mArkTS:WARN File: /Users/arquiel/Downloads/AI/DeepRead/harmony/entry/src/main/ets/pages/MiniAppRunnerPage.ets:138:27
 'getParams' has been deprecated.
[39m[39m
[33mWARN: [33m[33mArkTS:WARN File: /Users/arquiel/Downloads/AI/DeepRead/harmony/entry/src/main/ets/pages/MiniAppRunnerPage.ets:189:37
 'back' has been deprecated.
[39m[39m
[33mWARN: [33m[33mArkTS:WARN File: /Users/arquiel/Downloads/AI/DeepRead/harmony/entry/src/main/ets/pages/MiniAppRunnerPage.ets:234:22
 'showToast' has been deprecated.
[39m[39m
[33mWARN: [33m[33mArkTS:WARN File: /Users/arquiel/Downloads/AI/DeepRead/harmony/entry/src/main/ets/pages/MiniAppRunnerPage.ets:237:22
 'showDialog' has been deprecated.
[39m[39m
[33mWARN: [33m[33mArkTS:WARN File: /Users/arquiel/Downloads/AI/DeepRead/harmony/entry/src/main/ets/pages/MiniAppRunnerPage.ets:253:16
 'pushUrl' has been deprecated.
[39m[39m
[33mWARN: [33m[33mArkTS:WARN File: /Users/arquiel/Downloads/AI/DeepRead/harmony/entry/src/main/ets/pages/MiniAppRunnerPage.ets:378:57
 Function may throw exceptions. Special handling is required.
[39m[39m
[33mWARN: [33m[33mArkTS:WARN File: /Users/arquiel/Downloads/AI/DeepRead/harmony/entry/src/main/ets/pages/MiniAppRunnerPage.ets:434:18
 'showActionMenu' has been deprecated.
[39m[39m
[33mWARN: [33m[33mArkTS:WARN File: /Users/arquiel/Downloads/AI/DeepRead/harmony/entry/src/main/ets/pages/MiniAppRunnerPage.ets:478:20
 'showToast' has been deprecated.
[39m[39m
[33mWARN: [33m[33mArkTS:WARN File: /Users/arquiel/Downloads/AI/DeepRead/harmony/entry/src/main/ets/pages/MiniAppRunnerPage.ets:493:26
 'getContext' has been deprecated.
[39m[39m
[33mWARN: [33m[33mArkTS:WARN File: /Users/arquiel/Downloads/AI/DeepRead/harmony/entry/src/main/ets/pages/MiniAppRunnerPage.ets:516:20
 'showToast' has been deprecated.
[39m[39m
[33mWARN: [33m[33mArkTS:WARN File: /Users/arquiel/Downloads/AI/DeepRead/harmony/entry/src/main/ets/pages/MiniAppRunnerPage.ets:526:26
 'getContext' has been deprecated.
[39m[39m
[33mWARN: [33m[33mArkTS:WARN File: /Users/arquiel/Downloads/AI/DeepRead/harmony/entry/src/main/ets/pages/MiniAppRunnerPage.ets:542:20
 'showToast' has been deprecated.
[39m[39m
[33mWARN: [33m[33mArkTS:WARN File: /Users/arquiel/Downloads/AI/DeepRead/harmony/entry/src/main/ets/pages/MiniAppRunnerPage.ets:546:20
 'showToast' has been deprecated.
[39m[39m
[33mWARN: [33m[33mArkTS:WARN File: /Users/arquiel/Downloads/AI/DeepRead/harmony/entry/src/main/ets/pages/MiniAppRunnerPage.ets:546:20
 Function may throw exceptions. Special handling is required.
[39m[39m
[33mWARN: [33m[33mArkTS:WARN File: /Users/arquiel/Downloads/AI/DeepRead/harmony/entry/src/main/ets/pages/MiniAppRunnerPage.ets:695:16
 'key' can only be used for testing directories 
[39m[39m
[33mWARN: [33m[33mArkTS:WARN File: /Users/arquiel/Downloads/AI/DeepRead/harmony/entry/src/main/ets/pages/MiniAppSettingsPage.ets:81:27
 'getParams' has been deprecated.
[39m[39m
[33mWARN: [33m[33mArkTS:WARN File: /Users/arquiel/Downloads/AI/DeepRead/harmony/entry/src/main/ets/pages/MiniAppSettingsPage.ets:98:18
 'showToast' has been deprecated.
[39m[39m
[33mWARN: [33m[33mArkTS:WARN File: /Users/arquiel/Downloads/AI/DeepRead/harmony/entry/src/main/ets/pages/MiniAppSettingsPage.ets:98:18
 Function may throw exceptions. Special handling is required.
[39m[39m
[33mWARN: [33m[33mArkTS:WARN File: /Users/arquiel/Downloads/AI/DeepRead/harmony/entry/src/main/ets/pages/MiniAppSettingsPage.ets:195:16
 'pushUrl' has been deprecated.
[39m[39m
[33mWARN: [33m[33mArkTS:WARN File: /Users/arquiel/Downloads/AI/DeepRead/harmony/entry/src/main/ets/pages/NovelProjectsPage.ets:156:11
 'animateTo' has been deprecated.
[39m[39m
[33mWARN: [33m[33mArkTS:WARN File: /Users/arquiel/Downloads/AI/DeepRead/harmony/entry/src/main/ets/pages/NovelProjectsPage.ets:221:5
 'AlertDialog' has been deprecated.
[39m[39m
[33mWARN: [33m[33mArkTS:WARN File: /Users/arquiel/Downloads/AI/DeepRead/harmony/entry/src/main/ets/pages/NovelProjectsPage.ets:221:17
 'show' has been deprecated.
[39m[39m
[33mWARN: [33m[33mArkTS:WARN File: /Users/arquiel/Downloads/AI/DeepRead/harmony/entry/src/main/ets/pages/NovelProjectsPage.ets:239:5
 'animateTo' has been deprecated.
[39m[39m
[33mWARN: [33m[33mArkTS:WARN File: /Users/arquiel/Downloads/AI/DeepRead/harmony/entry/src/main/ets/pages/NovelProjectsPage.ets:277:7
 'animateTo' has been deprecated.
[39m[39m
[33mWARN: [33m[33mArkTS:WARN File: /Users/arquiel/Downloads/AI/DeepRead/harmony/entry/src/main/ets/pages/NovelProjectsPage.ets:288:5
 'animateTo' has been deprecated.
[39m[39m
[33mWARN: [33m[33mArkTS:WARN File: /Users/arquiel/Downloads/AI/DeepRead/harmony/entry/src/main/ets/pages/NovelProjectsPage.ets:314:35
 Function may throw exceptions. Special handling is required.
[39m[39m
[33mWARN: [33m[33mArkTS:WARN File: /Users/arquiel/Downloads/AI/DeepRead/harmony/entry/src/main/ets/pages/NovelProjectsPage.ets:316:40
 Function may throw exceptions. Special handling is required.
[39m[39m
[33mWARN: [33m[33mArkTS:WARN File: /Users/arquiel/Downloads/AI/DeepRead/harmony/entry/src/main/ets/pages/NovelProjectsPage.ets:319:14
 Function may throw exceptions. Special handling is required.
[39m[39m
[33mWARN: [33m[33mArkTS:WARN File: /Users/arquiel/Downloads/AI/DeepRead/harmony/entry/src/main/ets/pages/NovelProjectsPage.ets:322:14
 Function may throw exceptions. Special handling is required.
[39m[39m
[33mWARN: [33m[33mArkTS:WARN File: /Users/arquiel/Downloads/AI/DeepRead/harmony/entry/src/main/ets/pages/NovelProjectsPage.ets:405:12
 'pushUrl' has been deprecated.
[39m[39m
[33mWARN: [33m[33mArkTS:WARN File: /Users/arquiel/Downloads/AI/DeepRead/harmony/entry/src/main/ets/pages/NovelProjectsPage.ets:405:12
 Function may throw exceptions. Special handling is required.
[39m[39m
[33mWARN: [33m[33mArkTS:WARN File: /Users/arquiel/Downloads/AI/DeepRead/harmony/entry/src/main/ets/pages/NovelProjectsPage.ets:427:12
 'pushUrl' has been deprecated.
[39m[39m
[33mWARN: [33m[33mArkTS:WARN File: /Users/arquiel/Downloads/AI/DeepRead/harmony/entry/src/main/ets/pages/NovelProjectsPage.ets:427:12
 Function may throw exceptions. Special handling is required.
[39m[39m
[33mWARN: [33m[33mArkTS:WARN File: /Users/arquiel/Downloads/AI/DeepRead/harmony/entry/src/main/ets/pages/NovelProjectsPage.ets:433:18
 'showActionMenu' has been deprecated.
[39m[39m
[33mWARN: [33m[33mArkTS:WARN File: /Users/arquiel/Downloads/AI/DeepRead/harmony/entry/src/main/ets/pages/NovelProjectsPage.ets:441:9
 'animateTo' has been deprecated.
[39m[39m
[33mWARN: [33m[33mArkTS:WARN File: /Users/arquiel/Downloads/AI/DeepRead/harmony/entry/src/main/ets/pages/NovelProjectsPage.ets:455:12
 'pushUrl' has been deprecated.
[39m[39m
[33mWARN: [33m[33mArkTS:WARN File: /Users/arquiel/Downloads/AI/DeepRead/harmony/entry/src/main/ets/pages/NovelProjectsPage.ets:455:12
 Function may throw exceptions. Special handling is required.
[39m[39m
[33mWARN: [33m[33mArkTS:WARN File: /Users/arquiel/Downloads/AI/DeepRead/harmony/entry/src/main/ets/pages/NovelProjectsPage.ets:558:11
 'animateTo' has been deprecated.
[39m[39m
[33mWARN: [33m[33mArkTS:WARN File: /Users/arquiel/Downloads/AI/DeepRead/harmony/entry/src/main/ets/pages/NovelProjectsPage.ets:725:13
 'animateTo' has been deprecated.
[39m[39m
[33mWARN: [33m[33mArkTS:WARN File: /Users/arquiel/Downloads/AI/DeepRead/harmony/entry/src/main/ets/pages/NovelProjectsPage.ets:952:19
 'animateTo' has been deprecated.
[39m[39m
[33mWARN: [33m[33mArkTS:WARN File: /Users/arquiel/Downloads/AI/DeepRead/harmony/entry/src/main/ets/pages/NovelProjectsPage.ets:972:11
 'animateTo' has been deprecated.
[39m[39m
[33mWARN: [33m[33mArkTS:WARN File: /Users/arquiel/Downloads/AI/DeepRead/harmony/entry/src/main/ets/pages/NovelProjectsPage.ets:992:19
 'animateTo' has been deprecated.
[39m[39m
[33mWARN: [33m[33mArkTS:WARN File: /Users/arquiel/Downloads/AI/DeepRead/harmony/entry/src/main/ets/pages/NovelProjectsPage.ets:1011:11
 'animateTo' has been deprecated.
[39m[39m
[33mWARN: [33m[33mArkTS:WARN File: /Users/arquiel/Downloads/AI/DeepRead/harmony/entry/src/main/ets/components/NovelDiscussionArchiveSheet.ets:27:55
 The system capacity of this api 'TextAreaController' is not supported on all devices
[39m[39m
[33mWARN: [33m[33mArkTS:WARN File: /Users/arquiel/Downloads/AI/DeepRead/harmony/entry/src/main/ets/components/NovelRunRecoveryCard.ets:42:5
 'AlertDialog' has been deprecated.
[39m[39m
[33mWARN: [33m[33mArkTS:WARN File: /Users/arquiel/Downloads/AI/DeepRead/harmony/entry/src/main/ets/components/NovelRunRecoveryCard.ets:42:17
 'show' has been deprecated.
[39m[39m
[33mWARN: [33m[33mArkTS:WARN File: /Users/arquiel/Downloads/AI/DeepRead/harmony/entry/src/main/ets/components/NovelMaterialMetadataFields.ets:22:55
 The system capacity of this api 'TextAreaController' is not supported on all devices
[39m[39m
[33mWARN: [33m[33mArkTS:WARN File: /Users/arquiel/Downloads/AI/DeepRead/harmony/entry/src/main/ets/components/NovelMaterialMetadataFields.ets:23:52
 The system capacity of this api 'TextAreaController' is not supported on all devices
[39m[39m
[33mWARN: [33m[33mArkTS:WARN File: /Users/arquiel/Downloads/AI/DeepRead/harmony/entry/src/main/ets/components/NovelMaterialMetadataFields.ets:24:53
 The system capacity of this api 'TextInputController' is not supported on all devices
[39m[39m
[33mWARN: [33m[33mArkTS:WARN File: /Users/arquiel/Downloads/AI/DeepRead/harmony/entry/src/main/ets/components/NovelMaterialAdoptionSheet.ets:45:54
 The system capacity of this api 'TextInputController' is not supported on all devices
[39m[39m
[33mWARN: [33m[33mArkTS:WARN File: /Users/arquiel/Downloads/AI/DeepRead/harmony/entry/src/main/ets/components/NovelMaterialAdoptionSheet.ets:46:52
 The system capacity of this api 'TextAreaController' is not supported on all devices
[39m[39m
[33mWARN: [33m[33mArkTS:WARN File: /Users/arquiel/Downloads/AI/DeepRead/harmony/entry/src/main/ets/components/NovelMaterialEditorSheet.ets:44:54
 The system capacity of this api 'TextInputController' is not supported on all devices
[39m[39m
[33mWARN: [33m[33mArkTS:WARN File: /Users/arquiel/Downloads/AI/DeepRead/harmony/entry/src/main/ets/components/NovelMaterialEditorSheet.ets:45:52
 The system capacity of this api 'TextAreaController' is not supported on all devices
[39m[39m
[33mWARN: [33m[33mArkTS:WARN File: /Users/arquiel/Downloads/AI/DeepRead/harmony/entry/src/main/ets/components/NovelMaterialEditorSheet.ets:93:7
 'AlertDialog' has been deprecated.
[39m[39m
[33mWARN: [33m[33mArkTS:WARN File: /Users/arquiel/Downloads/AI/DeepRead/harmony/entry/src/main/ets/components/NovelMaterialEditorSheet.ets:93:19
 'show' has been deprecated.
[39m[39m
[33mWARN: [33m[33mArkTS:WARN File: /Users/arquiel/Downloads/AI/DeepRead/harmony/entry/src/main/ets/components/NovelRevisionBriefSheet.ets:24:48
 The system capacity of this api 'TextAreaController' is not supported on all devices
[39m[39m
[33mWARN: [33m[33mArkTS:WARN File: /Users/arquiel/Downloads/AI/DeepRead/harmony/entry/src/main/ets/components/NovelRevisionBriefSheet.ets:45:7
 'AlertDialog' has been deprecated.
[39m[39m
[33mWARN: [33m[33mArkTS:WARN File: /Users/arquiel/Downloads/AI/DeepRead/harmony/entry/src/main/ets/components/NovelRevisionBriefSheet.ets:45:19
 'show' has been deprecated.
[39m[39m
[33mWARN: [33m[33mArkTS:WARN File: /Users/arquiel/Downloads/AI/DeepRead/harmony/entry/src/main/ets/pages/NovelWorkspacePage.ets:249:20
 'showToast' has been deprecated.
[39m[39m
[33mWARN: [33m[33mArkTS:WARN File: /Users/arquiel/Downloads/AI/DeepRead/harmony/entry/src/main/ets/pages/NovelWorkspacePage.ets:249:20
 Function may throw exceptions. Special handling is required.
[39m[39m
[33mWARN: [33m[33mArkTS:WARN File: /Users/arquiel/Downloads/AI/DeepRead/harmony/entry/src/main/ets/pages/NovelWorkspacePage.ets:285:40
 'showToast' has been deprecated.
[39m[39m
[33mWARN: [33m[33mArkTS:WARN File: /Users/arquiel/Downloads/AI/DeepRead/harmony/entry/src/main/ets/pages/NovelWorkspacePage.ets:382:60
 The system capacity of this api 'TextAreaController' is not supported on all devices
[39m[39m
[33mWARN: [33m[33mArkTS:WARN File: /Users/arquiel/Downloads/AI/DeepRead/harmony/entry/src/main/ets/pages/NovelWorkspacePage.ets:383:61
 The system capacity of this api 'TextInputController' is not supported on all devices
[39m[39m
[33mWARN: [33m[33mArkTS:WARN File: /Users/arquiel/Downloads/AI/DeepRead/harmony/entry/src/main/ets/pages/NovelWorkspacePage.ets:384:61
 The system capacity of this api 'TextInputController' is not supported on all devices
[39m[39m
[33mWARN: [33m[33mArkTS:WARN File: /Users/arquiel/Downloads/AI/DeepRead/harmony/entry/src/main/ets/pages/NovelWorkspacePage.ets:385:62
 The system capacity of this api 'TextAreaController' is not supported on all devices
[39m[39m
[33mWARN: [33m[33mArkTS:WARN File: /Users/arquiel/Downloads/AI/DeepRead/harmony/entry/src/main/ets/pages/NovelWorkspacePage.ets:396:27
 'getParams' has been deprecated.
[39m[39m
[33mWARN: [33m[33mArkTS:WARN File: /Users/arquiel/Downloads/AI/DeepRead/harmony/entry/src/main/ets/pages/NovelWorkspacePage.ets:502:5
 'animateTo' has been deprecated.
[39m[39m
[33mWARN: [33m[33mArkTS:WARN File: /Users/arquiel/Downloads/AI/DeepRead/harmony/entry/src/main/ets/pages/NovelWorkspacePage.ets:539:41
 'back' has been deprecated.
[39m[39m
[33mWARN: [33m[33mArkTS:WARN File: /Users/arquiel/Downloads/AI/DeepRead/harmony/entry/src/main/ets/pages/NovelWorkspacePage.ets:610:5
 'AlertDialog' has been deprecated.
[39m[39m
[33mWARN: [33m[33mArkTS:WARN File: /Users/arquiel/Downloads/AI/DeepRead/harmony/entry/src/main/ets/pages/NovelWorkspacePage.ets:610:17
 'show' has been deprecated.
[39m[39m
[33mWARN: [33m[33mArkTS:WARN File: /Users/arquiel/Downloads/AI/DeepRead/harmony/entry/src/main/ets/pages/NovelWorkspacePage.ets:707:24
 'showToast' has been deprecated.
[39m[39m
[33mWARN: [33m[33mArkTS:WARN File: /Users/arquiel/Downloads/AI/DeepRead/harmony/entry/src/main/ets/pages/NovelWorkspacePage.ets:1130:20
 'pushUrl' has been deprecated.
[39m[39m
[33mWARN: [33m[33mArkTS:WARN File: /Users/arquiel/Downloads/AI/DeepRead/harmony/entry/src/main/ets/pages/NovelWorkspacePage.ets:1149:20
 'pushUrl' has been deprecated.
[39m[39m
[33mWARN: [33m[33mArkTS:WARN File: /Users/arquiel/Downloads/AI/DeepRead/harmony/entry/src/main/ets/pages/NovelWorkspacePage.ets:1167:12
 'pushUrl' has been deprecated.
[39m[39m
[33mWARN: [33m[33mArkTS:WARN File: /Users/arquiel/Downloads/AI/DeepRead/harmony/entry/src/main/ets/pages/NovelWorkspacePage.ets:1174:12
 'pushUrl' has been deprecated.
[39m[39m
[33mWARN: [33m[33mArkTS:WARN File: /Users/arquiel/Downloads/AI/DeepRead/harmony/entry/src/main/ets/pages/NovelWorkspacePage.ets:1234:20
 'showToast' has been deprecated.
[39m[39m
[33mWARN: [33m[33mArkTS:WARN File: /Users/arquiel/Downloads/AI/DeepRead/harmony/entry/src/main/ets/pages/NovelWorkspacePage.ets:1244:5
 'AlertDialog' has been deprecated.
[39m[39m
[33mWARN: [33m[33mArkTS:WARN File: /Users/arquiel/Downloads/AI/DeepRead/harmony/entry/src/main/ets/pages/NovelWorkspacePage.ets:1244:17
 'show' has been deprecated.
[39m[39m
[33mWARN: [33m[33mArkTS:WARN File: /Users/arquiel/Downloads/AI/DeepRead/harmony/entry/src/main/ets/pages/NovelWorkspacePage.ets:1294:7
 'AlertDialog' has been deprecated.
[39m[39m
[33mWARN: [33m[33mArkTS:WARN File: /Users/arquiel/Downloads/AI/DeepRead/harmony/entry/src/main/ets/pages/NovelWorkspacePage.ets:1294:19
 'show' has been deprecated.
[39m[39m
[33mWARN: [33m[33mArkTS:WARN File: /Users/arquiel/Downloads/AI/DeepRead/harmony/entry/src/main/ets/pages/NovelWorkspacePage.ets:1376:18
 'showToast' has been deprecated.
[39m[39m
[33mWARN: [33m[33mArkTS:WARN File: /Users/arquiel/Downloads/AI/DeepRead/harmony/entry/src/main/ets/pages/NovelWorkspacePage.ets:1376:18
 Function may throw exceptions. Special handling is required.
[39m[39m
[33mWARN: [33m[33mArkTS:WARN File: /Users/arquiel/Downloads/AI/DeepRead/harmony/entry/src/main/ets/pages/NovelWorkspacePage.ets:1380:38
 Function may throw exceptions. Special handling is required.
[39m[39m
[33mWARN: [33m[33mArkTS:WARN File: /Users/arquiel/Downloads/AI/DeepRead/harmony/entry/src/main/ets/pages/NovelWorkspacePage.ets:1385:14
 Function may throw exceptions. Special handling is required.
[39m[39m
[33mWARN: [33m[33mArkTS:WARN File: /Users/arquiel/Downloads/AI/DeepRead/harmony/entry/src/main/ets/pages/NovelWorkspacePage.ets:1387:14
 Function may throw exceptions. Special handling is required.
[39m[39m
[33mWARN: [33m[33mArkTS:WARN File: /Users/arquiel/Downloads/AI/DeepRead/harmony/entry/src/main/ets/pages/NovelWorkspacePage.ets:1423:18
 'showToast' has been deprecated.
[39m[39m
[33mWARN: [33m[33mArkTS:WARN File: /Users/arquiel/Downloads/AI/DeepRead/harmony/entry/src/main/ets/pages/NovelWorkspacePage.ets:1423:18
 Function may throw exceptions. Special handling is required.
[39m[39m
[33mWARN: [33m[33mArkTS:WARN File: /Users/arquiel/Downloads/AI/DeepRead/harmony/entry/src/main/ets/pages/NovelWorkspacePage.ets:1457:20
 'showToast' has been deprecated.
[39m[39m
[33mWARN: [33m[33mArkTS:WARN File: /Users/arquiel/Downloads/AI/DeepRead/harmony/entry/src/main/ets/pages/NovelWorkspacePage.ets:1457:20
 Function may throw exceptions. Special handling is required.
[39m[39m
[33mWARN: [33m[33mArkTS:WARN File: /Users/arquiel/Downloads/AI/DeepRead/harmony/entry/src/main/ets/pages/NovelWorkspacePage.ets:1465:18
 'showActionMenu' has been deprecated.
[39m[39m
[33mWARN: [33m[33mArkTS:WARN File: /Users/arquiel/Downloads/AI/DeepRead/harmony/entry/src/main/ets/pages/NovelWorkspacePage.ets:1483:18
 'showActionMenu' has been deprecated.
[39m[39m
[33mWARN: [33m[33mArkTS:WARN File: /Users/arquiel/Downloads/AI/DeepRead/harmony/entry/src/main/ets/pages/NovelWorkspacePage.ets:1500:18
 'showActionMenu' has been deprecated.
[39m[39m
[33mWARN: [33m[33mArkTS:WARN File: /Users/arquiel/Downloads/AI/DeepRead/harmony/entry/src/main/ets/pages/NovelWorkspacePage.ets:1617:48
 Function may throw exceptions. Special handling is required.
[39m[39m
[33mWARN: [33m[33mArkTS:WARN File: /Users/arquiel/Downloads/AI/DeepRead/harmony/entry/src/main/ets/pages/NovelWorkspacePage.ets:1697:20
 'showToast' has been deprecated.
[39m[39m
[33mWARN: [33m[33mArkTS:WARN File: /Users/arquiel/Downloads/AI/DeepRead/harmony/entry/src/main/ets/pages/NovelWorkspacePage.ets:1734:20
 'showToast' has been deprecated.
[39m[39m
[33mWARN: [33m[33mArkTS:WARN File: /Users/arquiel/Downloads/AI/DeepRead/harmony/entry/src/main/ets/pages/NovelWorkspacePage.ets:1734:20
 Function may throw exceptions. Special handling is required.
[39m[39m
[33mWARN: [33m[33mArkTS:WARN File: /Users/arquiel/Downloads/AI/DeepRead/harmony/entry/src/main/ets/pages/NovelWorkspacePage.ets:1761:20
 'showToast' has been deprecated.
[39m[39m
[33mWARN: [33m[33mArkTS:WARN File: /Users/arquiel/Downloads/AI/DeepRead/harmony/entry/src/main/ets/pages/NovelWorkspacePage.ets:1761:20
 Function may throw exceptions. Special handling is required.
[39m[39m
[33mWARN: [33m[33mArkTS:WARN File: /Users/arquiel/Downloads/AI/DeepRead/harmony/entry/src/main/ets/pages/NovelWorkspacePage.ets:1898:7
 'AlertDialog' has been deprecated.
[39m[39m
[33mWARN: [33m[33mArkTS:WARN File: /Users/arquiel/Downloads/AI/DeepRead/harmony/entry/src/main/ets/pages/NovelWorkspacePage.ets:1898:19
 'show' has been deprecated.
[39m[39m
[33mWARN: [33m[33mArkTS:WARN File: /Users/arquiel/Downloads/AI/DeepRead/harmony/entry/src/main/ets/pages/NovelWorkspacePage.ets:2491:5
 'AlertDialog' has been deprecated.
[39m[39m
[33mWARN: [33m[33mArkTS:WARN File: /Users/arquiel/Downloads/AI/DeepRead/harmony/entry/src/main/ets/pages/NovelWorkspacePage.ets:2491:17
 'show' has been deprecated.
[39m[39m
[33mWARN: [33m[33mArkTS:WARN File: /Users/arquiel/Downloads/AI/DeepRead/harmony/entry/src/main/ets/pages/NovelWorkspacePage.ets:2512:5
 'AlertDialog' has been deprecated.
[39m[39m
[33mWARN: [33m[33mArkTS:WARN File: /Users/arquiel/Downloads/AI/DeepRead/harmony/entry/src/main/ets/pages/NovelWorkspacePage.ets:2512:17
 'show' has been deprecated.
[39m[39m
[33mWARN: [33m[33mArkTS:WARN File: /Users/arquiel/Downloads/AI/DeepRead/harmony/entry/src/main/ets/pages/NovelWorkspacePage.ets:3031:20
 'showToast' has been deprecated.
[39m[39m
[33mWARN: [33m[33mArkTS:WARN File: /Users/arquiel/Downloads/AI/DeepRead/harmony/entry/src/main/ets/pages/NovelWorkspacePage.ets:3126:18
 'showActionMenu' has been deprecated.
[39m[39m
[33mWARN: [33m[33mArkTS:WARN File: /Users/arquiel/Downloads/AI/DeepRead/harmony/entry/src/main/ets/pages/NovelWorkspacePage.ets:3389:50
 'getParams' has been deprecated.
[39m[39m
[33mWARN: [33m[33mArkTS:WARN File: /Users/arquiel/Downloads/AI/DeepRead/harmony/entry/src/main/ets/pages/NovelWorkspacePage.ets:3409:12
 'pushUrl' has been deprecated.
[39m[39m
[33mWARN: [33m[33mArkTS:WARN File: /Users/arquiel/Downloads/AI/DeepRead/harmony/entry/src/main/ets/pages/NovelWorkspacePage.ets:3453:16
 'pushUrl' has been deprecated.
[39m[39m
[33mWARN: [33m[33mArkTS:WARN File: /Users/arquiel/Downloads/AI/DeepRead/harmony/entry/src/main/ets/pages/NovelWorkspacePage.ets:3500:17
 'animateTo' has been deprecated.
[39m[39m
[33mWARN: [33m[33mArkTS:WARN File: /Users/arquiel/Downloads/AI/DeepRead/harmony/entry/src/main/ets/pages/NovelWorkspacePage.ets:3856:12
 'pushUrl' has been deprecated.
[39m[39m
[33mWARN: [33m[33mArkTS:WARN File: /Users/arquiel/Downloads/AI/DeepRead/harmony/entry/src/main/ets/pages/NovelWorkspacePage.ets:3856:12
 Function may throw exceptions. Special handling is required.
[39m[39m
[33mWARN: [33m[33mArkTS:WARN File: /Users/arquiel/Downloads/AI/DeepRead/harmony/entry/src/main/ets/pages/NovelWorkspacePage.ets:4158:15
 'animateTo' has been deprecated.
[39m[39m
[33mWARN: [33m[33mArkTS:WARN File: /Users/arquiel/Downloads/AI/DeepRead/harmony/entry/src/main/ets/pages/NovelWorkspacePage.ets:4184:13
 'animateTo' has been deprecated.
[39m[39m
[33mWARN: [33m[33mArkTS:WARN File: /Users/arquiel/Downloads/AI/DeepRead/harmony/entry/src/main/ets/pages/NovelWorkspacePage.ets:4191:13
 'animateTo' has been deprecated.
[39m[39m
[33mWARN: [33m[33mArkTS:WARN File: /Users/arquiel/Downloads/AI/DeepRead/harmony/entry/src/main/ets/pages/NovelWorkspacePage.ets:4257:58
 'pushUrl' has been deprecated.
[39m[39m
[33mWARN: [33m[33mArkTS:WARN File: /Users/arquiel/Downloads/AI/DeepRead/harmony/entry/src/main/ets/pages/NovelWorkspacePage.ets:4292:17
 'animateTo' has been deprecated.
[39m[39m
[33mWARN: [33m[33mArkTS:WARN File: /Users/arquiel/Downloads/AI/DeepRead/harmony/entry/src/main/ets/pages/NovelWorkspacePage.ets:4377:22
 'pushUrl' has been deprecated.
[39m[39m
[33mWARN: [33m[33mArkTS:WARN File: /Users/arquiel/Downloads/AI/DeepRead/harmony/entry/src/main/ets/pages/NovelChapterReaderPage.ets:93:58
 The system capacity of this api 'TextInputController' is not supported on all devices
[39m[39m
[33mWARN: [33m[33mArkTS:WARN File: /Users/arquiel/Downloads/AI/DeepRead/harmony/entry/src/main/ets/pages/NovelChapterReaderPage.ets:94:59
 The system capacity of this api 'TextAreaController' is not supported on all devices
[39m[39m
[33mWARN: [33m[33mArkTS:WARN File: /Users/arquiel/Downloads/AI/DeepRead/harmony/entry/src/main/ets/pages/NovelChapterReaderPage.ets:95:58
 The system capacity of this api 'TextInputController' is not supported on all devices
[39m[39m
[33mWARN: [33m[33mArkTS:WARN File: /Users/arquiel/Downloads/AI/DeepRead/harmony/entry/src/main/ets/pages/NovelChapterReaderPage.ets:96:60
 The system capacity of this api 'TextInputController' is not supported on all devices
[39m[39m
[33mWARN: [33m[33mArkTS:WARN File: /Users/arquiel/Downloads/AI/DeepRead/harmony/entry/src/main/ets/pages/NovelChapterReaderPage.ets:100:41
 'getParams' has been deprecated.
[39m[39m
[33mWARN: [33m[33mArkTS:WARN File: /Users/arquiel/Downloads/AI/DeepRead/harmony/entry/src/main/ets/pages/NovelChapterReaderPage.ets:224:5
 'animateTo' has been deprecated.
[39m[39m
[33mWARN: [33m[33mArkTS:WARN File: /Users/arquiel/Downloads/AI/DeepRead/harmony/entry/src/main/ets/pages/NovelChapterReaderPage.ets:294:5
 'AlertDialog' has been deprecated.
[39m[39m
[33mWARN: [33m[33mArkTS:WARN File: /Users/arquiel/Downloads/AI/DeepRead/harmony/entry/src/main/ets/pages/NovelChapterReaderPage.ets:294:17
 'show' has been deprecated.
[39m[39m
[33mWARN: [33m[33mArkTS:WARN File: /Users/arquiel/Downloads/AI/DeepRead/harmony/entry/src/main/ets/pages/NovelChapterReaderPage.ets:312:34
 'back' has been deprecated.
[39m[39m
[33mWARN: [33m[33mArkTS:WARN File: /Users/arquiel/Downloads/AI/DeepRead/harmony/entry/src/main/ets/pages/NovelChapterReaderPage.ets:320:5
 'AlertDialog' has been deprecated.
[39m[39m
[33mWARN: [33m[33mArkTS:WARN File: /Users/arquiel/Downloads/AI/DeepRead/harmony/entry/src/main/ets/pages/NovelChapterReaderPage.ets:320:17
 'show' has been deprecated.
[39m[39m
[33mWARN: [33m[33mArkTS:WARN File: /Users/arquiel/Downloads/AI/DeepRead/harmony/entry/src/main/ets/pages/NovelChapterReaderPage.ets:372:20
 'showToast' has been deprecated.
[39m[39m
[33mWARN: [33m[33mArkTS:WARN File: /Users/arquiel/Downloads/AI/DeepRead/harmony/entry/src/main/ets/pages/NovelChapterReaderPage.ets:373:14
 'back' has been deprecated.
[39m[39m
[33mWARN: [33m[33mArkTS:WARN File: /Users/arquiel/Downloads/AI/DeepRead/harmony/entry/src/main/ets/pages/NovelChapterReaderPage.ets:405:20
 'showToast' has been deprecated.
[39m[39m
[33mWARN: [33m[33mArkTS:WARN File: /Users/arquiel/Downloads/AI/DeepRead/harmony/entry/src/main/ets/pages/NovelChapterReaderPage.ets:406:14
 'back' has been deprecated.
[39m[39m
[33mWARN: [33m[33mArkTS:WARN File: /Users/arquiel/Downloads/AI/DeepRead/harmony/entry/src/main/ets/pages/NovelChapterReaderPage.ets:499:5
 'AlertDialog' has been deprecated.
[39m[39m
[33mWARN: [33m[33mArkTS:WARN File: /Users/arquiel/Downloads/AI/DeepRead/harmony/entry/src/main/ets/pages/NovelChapterReaderPage.ets:499:17
 'show' has been deprecated.
[39m[39m
[33mWARN: [33m[33mArkTS:WARN File: /Users/arquiel/Downloads/AI/DeepRead/harmony/entry/src/main/ets/pages/NovelChapterReaderPage.ets:543:5
 'AlertDialog' has been deprecated.
[39m[39m
[33mWARN: [33m[33mArkTS:WARN File: /Users/arquiel/Downloads/AI/DeepRead/harmony/entry/src/main/ets/pages/NovelChapterReaderPage.ets:543:17
 'show' has been deprecated.
[39m[39m
[33mWARN: [33m[33mArkTS:WARN File: /Users/arquiel/Downloads/AI/DeepRead/harmony/entry/src/main/ets/pages/NovelChapterReaderPage.ets:560:14
 'back' has been deprecated.
[39m[39m
[33mWARN: [33m[33mArkTS:WARN File: /Users/arquiel/Downloads/AI/DeepRead/harmony/entry/src/main/ets/pages/NovelChapterReaderPage.ets:875:64
 'back' has been deprecated.
[39m[39m
[33mWARN: [33m[33mArkTS:WARN File: /Users/arquiel/Downloads/AI/DeepRead/harmony/entry/src/main/ets/pages/NovelChapterReaderPage.ets:910:71
 'back' has been deprecated.
[39m[39m
[33mWARN: [33m[33mArkTS:WARN File: /Users/arquiel/Downloads/AI/DeepRead/harmony/entry/src/main/ets/pages/ProfilePage.ets:357:42
 'getContext' has been deprecated.
[39m[39m
[33mWARN: [33m[33mArkTS:WARN File: /Users/arquiel/Downloads/AI/DeepRead/harmony/entry/src/main/ets/pages/ProfilePage.ets:359:37
 Function may throw exceptions. Special handling is required.
[39m[39m
[33mWARN: [33m[33mArkTS:WARN File: /Users/arquiel/Downloads/AI/DeepRead/harmony/entry/src/main/ets/pages/ProfilePage.ets:361:38
 Function may throw exceptions. Special handling is required.
[39m[39m
[33mWARN: [33m[33mArkTS:WARN File: /Users/arquiel/Downloads/AI/DeepRead/harmony/entry/src/main/ets/pages/ProfilePage.ets:363:14
 Function may throw exceptions. Special handling is required.
[39m[39m
[33mWARN: [33m[33mArkTS:WARN File: /Users/arquiel/Downloads/AI/DeepRead/harmony/entry/src/main/ets/pages/ProfilePage.ets:364:39
 Function may throw exceptions. Special handling is required.
[39m[39m
[33mWARN: [33m[33mArkTS:WARN File: /Users/arquiel/Downloads/AI/DeepRead/harmony/entry/src/main/ets/pages/ProfilePage.ets:367:16
 Function may throw exceptions. Special handling is required.
[39m[39m
[33mWARN: [33m[33mArkTS:WARN File: /Users/arquiel/Downloads/AI/DeepRead/harmony/entry/src/main/ets/pages/ProfilePage.ets:369:16
 Function may throw exceptions. Special handling is required.
[39m[39m
[33mWARN: [33m[33mArkTS:WARN File: /Users/arquiel/Downloads/AI/DeepRead/harmony/entry/src/main/ets/pages/ProfilePage.ets:373:14
 Function may throw exceptions. Special handling is required.
[39m[39m
[33mWARN: [33m[33mArkTS:WARN File: /Users/arquiel/Downloads/AI/DeepRead/harmony/entry/src/main/ets/pages/QuickMessagesPage.ets:81:37
 'back' has been deprecated.
[39m[39m
[33mWARN: [33m[33mArkTS:WARN File: /Users/arquiel/Downloads/AI/DeepRead/harmony/entry/src/main/ets/pages/SearchPage.ets:165:27
 'getParams' has been deprecated.
[39m[39m
[33mWARN: [33m[33mArkTS:WARN File: /Users/arquiel/Downloads/AI/DeepRead/harmony/entry/src/main/ets/pages/SearchPage.ets:296:14
 'pushUrl' has been deprecated.
[39m[39m
[33mWARN: [33m[33mArkTS:WARN File: /Users/arquiel/Downloads/AI/DeepRead/harmony/entry/src/main/ets/pages/SearchPage.ets:296:14
 Function may throw exceptions. Special handling is required.
[39m[39m
[33mWARN: [33m[33mArkTS:WARN File: /Users/arquiel/Downloads/AI/DeepRead/harmony/entry/src/main/ets/pages/SearchPage.ets:302:20
 'showToast' has been deprecated.
[39m[39m
[33mWARN: [33m[33mArkTS:WARN File: /Users/arquiel/Downloads/AI/DeepRead/harmony/entry/src/main/ets/pages/SettingAgentExecutionPageFull.ets:12:12
 'replaceUrl' has been deprecated.
[39m[39m
[33mWARN: [33m[33mArkTS:WARN File: /Users/arquiel/Downloads/AI/DeepRead/harmony/entry/src/main/ets/pages/SettingAgentExecutionPageFull.ets:12:12
 Function may throw exceptions. Special handling is required.
[39m[39m
[33mWARN: [33m[33mArkTS:WARN File: /Users/arquiel/Downloads/AI/DeepRead/harmony/entry/src/main/ets/pages/SettingAgentMemoryPageFull.ets:251:13
 'AlertDialog' has been deprecated.
[39m[39m
[33mWARN: [33m[33mArkTS:WARN File: /Users/arquiel/Downloads/AI/DeepRead/harmony/entry/src/main/ets/pages/SettingAgentMemoryPageFull.ets:251:25
 'show' has been deprecated.
[39m[39m
[33mWARN: [33m[33mArkTS:WARN File: /Users/arquiel/Downloads/AI/DeepRead/harmony/entry/src/main/ets/pages/SettingAgentMemoryPageFull.ets:311:40
 'pushUrl' has been deprecated.
[39m[39m
[33mWARN: [33m[33mArkTS:WARN File: /Users/arquiel/Downloads/AI/DeepRead/harmony/entry/src/main/ets/pages/SettingAgentMemoryPageFull.ets:314:40
 'pushUrl' has been deprecated.
[39m[39m
[33mWARN: [33m[33mArkTS:WARN File: /Users/arquiel/Downloads/AI/DeepRead/harmony/entry/src/main/ets/pages/SettingAgentMemoryPageFull.ets:317:40
 'pushUrl' has been deprecated.
[39m[39m
[33mWARN: [33m[33mArkTS:WARN File: /Users/arquiel/Downloads/AI/DeepRead/harmony/entry/src/main/ets/pages/SettingAgentPermissionsPageFull.ets:11:12
 'replaceUrl' has been deprecated.
[39m[39m
[33mWARN: [33m[33mArkTS:WARN File: /Users/arquiel/Downloads/AI/DeepRead/harmony/entry/src/main/ets/pages/SettingAgentPermissionsPageFull.ets:11:12
 Function may throw exceptions. Special handling is required.
[39m[39m
[33mWARN: [33m[33mArkTS:WARN File: /Users/arquiel/Downloads/AI/DeepRead/harmony/entry/src/main/ets/pages/SettingAppearancePage.ets:174:33
 'getContext' has been deprecated.
[39m[39m
[33mWARN: [33m[33mArkTS:WARN File: /Users/arquiel/Downloads/AI/DeepRead/harmony/entry/src/main/ets/pages/SettingAppearancePage.ets:184:60
 'decode' has been deprecated.
[39m[39m
[33mWARN: [33m[33mArkTS:WARN File: /Users/arquiel/Downloads/AI/DeepRead/harmony/entry/src/main/ets/pages/SettingAppearancePage.ets:188:24
 'showToast' has been deprecated.
[39m[39m
[33mWARN: [33m[33mArkTS:WARN File: /Users/arquiel/Downloads/AI/DeepRead/harmony/entry/src/main/ets/pages/SettingAppearancePage.ets:210:24
 'showToast' has been deprecated.
[39m[39m
[33mWARN: [33m[33mArkTS:WARN File: /Users/arquiel/Downloads/AI/DeepRead/harmony/entry/src/main/ets/pages/SettingAppearancePage.ets:212:24
 'showToast' has been deprecated.
[39m[39m
[33mWARN: [33m[33mArkTS:WARN File: /Users/arquiel/Downloads/AI/DeepRead/harmony/entry/src/main/ets/pages/SettingAppearancePage.ets:215:22
 'showToast' has been deprecated.
[39m[39m
[33mWARN: [33m[33mArkTS:WARN File: /Users/arquiel/Downloads/AI/DeepRead/harmony/entry/src/main/ets/pages/SettingAppearancePage.ets:225:33
 'getContext' has been deprecated.
[39m[39m
[33mWARN: [33m[33mArkTS:WARN File: /Users/arquiel/Downloads/AI/DeepRead/harmony/entry/src/main/ets/pages/SettingAppearancePage.ets:234:24
 'showToast' has been deprecated.
[39m[39m
[33mWARN: [33m[33mArkTS:WARN File: /Users/arquiel/Downloads/AI/DeepRead/harmony/entry/src/main/ets/pages/SettingAppearancePage.ets:236:24
 'showToast' has been deprecated.
[39m[39m
[33mWARN: [33m[33mArkTS:WARN File: /Users/arquiel/Downloads/AI/DeepRead/harmony/entry/src/main/ets/pages/SettingAppearancePage.ets:255:20
 'showToast' has been deprecated.
[39m[39m
[33mWARN: [33m[33mArkTS:WARN File: /Users/arquiel/Downloads/AI/DeepRead/harmony/entry/src/main/ets/pages/SettingAppearancePage.ets:255:20
 Function may throw exceptions. Special handling is required.
[39m[39m
[33mWARN: [33m[33mArkTS:WARN File: /Users/arquiel/Downloads/AI/DeepRead/harmony/entry/src/main/ets/platform_impl/WebDavTransport.ets:8:38
 Function may throw exceptions. Special handling is required.
[39m[39m
[33mWARN: [33m[33mArkTS:WARN File: /Users/arquiel/Downloads/AI/DeepRead/harmony/entry/src/main/ets/platform_impl/WebDavTransport.ets:19:52
 Function may throw exceptions. Special handling is required.
[39m[39m
[33mWARN: [33m[33mArkTS:WARN File: /Users/arquiel/Downloads/AI/DeepRead/harmony/entry/src/main/ets/pages/SettingBackupPage.ets:74:18
 'showToast' has been deprecated.
[39m[39m
[33mWARN: [33m[33mArkTS:WARN File: /Users/arquiel/Downloads/AI/DeepRead/harmony/entry/src/main/ets/pages/SettingBackupPage.ets:74:18
 Function may throw exceptions. Special handling is required.
[39m[39m
[33mWARN: [33m[33mArkTS:WARN File: /Users/arquiel/Downloads/AI/DeepRead/harmony/entry/src/main/ets/pages/SettingBackupPage.ets:87:12
 'getContext' has been deprecated.
[39m[39m
[33mWARN: [33m[33mArkTS:WARN File: /Users/arquiel/Downloads/AI/DeepRead/harmony/entry/src/main/ets/pages/SettingBackupPage.ets:120:25
 Function may throw exceptions. Special handling is required.
[39m[39m
[33mWARN: [33m[33mArkTS:WARN File: /Users/arquiel/Downloads/AI/DeepRead/harmony/entry/src/main/ets/pages/SettingBackupPage.ets:124:18
 Function may throw exceptions. Special handling is required.
[39m[39m
[33mWARN: [33m[33mArkTS:WARN File: /Users/arquiel/Downloads/AI/DeepRead/harmony/entry/src/main/ets/pages/SettingBackupPage.ets:128:14
 Function may throw exceptions. Special handling is required.
[39m[39m
[33mWARN: [33m[33mArkTS:WARN File: /Users/arquiel/Downloads/AI/DeepRead/harmony/entry/src/main/ets/pages/SettingBackupPage.ets:133:25
 Function may throw exceptions. Special handling is required.
[39m[39m
[33mWARN: [33m[33mArkTS:WARN File: /Users/arquiel/Downloads/AI/DeepRead/harmony/entry/src/main/ets/pages/SettingBackupPage.ets:135:27
 Function may throw exceptions. Special handling is required.
[39m[39m
[33mWARN: [33m[33mArkTS:WARN File: /Users/arquiel/Downloads/AI/DeepRead/harmony/entry/src/main/ets/pages/SettingBackupPage.ets:137:18
 Function may throw exceptions. Special handling is required.
[39m[39m
[33mWARN: [33m[33mArkTS:WARN File: /Users/arquiel/Downloads/AI/DeepRead/harmony/entry/src/main/ets/pages/SettingBackupPage.ets:142:14
 Function may throw exceptions. Special handling is required.
[39m[39m
[33mWARN: [33m[33mArkTS:WARN File: /Users/arquiel/Downloads/AI/DeepRead/harmony/entry/src/main/ets/pages/SettingCronTasksPage.ets:45:20
 'showToast' has been deprecated.
[39m[39m
[33mWARN: [33m[33mArkTS:WARN File: /Users/arquiel/Downloads/AI/DeepRead/harmony/entry/src/main/ets/pages/SettingCronTasksPage.ets:104:32
 'showToast' has been deprecated.
[39m[39m
[33mWARN: [33m[33mArkTS:WARN File: /Users/arquiel/Downloads/AI/DeepRead/harmony/entry/src/main/ets/pages/SettingCronTasksPage.ets:153:34
 'showToast' has been deprecated.
[39m[39m
[33mWARN: [33m[33mArkTS:WARN File: /Users/arquiel/Downloads/AI/DeepRead/harmony/entry/src/main/ets/pages/SettingCronTasksPage.ets:158:34
 'showToast' has been deprecated.
[39m[39m
[33mWARN: [33m[33mArkTS:WARN File: /Users/arquiel/Downloads/AI/DeepRead/harmony/entry/src/main/ets/pages/SettingCronTasksPage.ets:173:30
 'showToast' has been deprecated.
[39m[39m
[33mWARN: [33m[33mArkTS:WARN File: /Users/arquiel/Downloads/AI/DeepRead/harmony/entry/src/main/ets/pages/SettingCronTasksPage.ets:179:30
 'showToast' has been deprecated.
[39m[39m
[33mWARN: [33m[33mArkTS:WARN File: /Users/arquiel/Downloads/AI/DeepRead/harmony/entry/src/main/ets/pages/SettingCronTasksPage.ets:185:30
 'showToast' has been deprecated.
[39m[39m
[33mWARN: [33m[33mArkTS:WARN File: /Users/arquiel/Downloads/AI/DeepRead/harmony/entry/src/main/ets/pages/SettingCronTasksPage.ets:188:30
 'showToast' has been deprecated.
[39m[39m
[33mWARN: [33m[33mArkTS:WARN File: /Users/arquiel/Downloads/AI/DeepRead/harmony/entry/src/main/ets/pages/SettingCronTasksPage.ets:201:15
 'AlertDialog' has been deprecated.
[39m[39m
[33mWARN: [33m[33mArkTS:WARN File: /Users/arquiel/Downloads/AI/DeepRead/harmony/entry/src/main/ets/pages/SettingCronTasksPage.ets:201:27
 'show' has been deprecated.
[39m[39m
[33mWARN: [33m[33mArkTS:WARN File: /Users/arquiel/Downloads/AI/DeepRead/harmony/entry/src/main/ets/pages/SettingCronTasksPage.ets:210:36
 'showToast' has been deprecated.
[39m[39m
[33mWARN: [33m[33mArkTS:WARN File: /Users/arquiel/Downloads/AI/DeepRead/harmony/entry/src/main/ets/pages/SettingDisplayPage.ets:63:20
 'showToast' has been deprecated.
[39m[39m
[33mWARN: [33m[33mArkTS:WARN File: /Users/arquiel/Downloads/AI/DeepRead/harmony/entry/src/main/ets/pages/SettingDisplayPage.ets:63:20
 Function may throw exceptions. Special handling is required.
[39m[39m
[33mWARN: [33m[33mArkTS:WARN File: /Users/arquiel/Downloads/AI/DeepRead/harmony/entry/src/main/ets/pages/SettingDisplayPage.ets:88:20
 'showToast' has been deprecated.
[39m[39m
[33mWARN: [33m[33mArkTS:WARN File: /Users/arquiel/Downloads/AI/DeepRead/harmony/entry/src/main/ets/pages/SettingDisplayPage.ets:88:20
 Function may throw exceptions. Special handling is required.
[39m[39m
[33mWARN: [33m[33mArkTS:WARN File: /Users/arquiel/Downloads/AI/DeepRead/harmony/entry/src/main/ets/pages/SettingExperimentalModelCouncilPageFull.ets:11:12
 'replaceUrl' has been deprecated.
[39m[39m
[33mWARN: [33m[33mArkTS:WARN File: /Users/arquiel/Downloads/AI/DeepRead/harmony/entry/src/main/ets/pages/SettingExperimentalModelCouncilPageFull.ets:11:12
 Function may throw exceptions. Special handling is required.
[39m[39m
[33mWARN: [33m[33mArkTS:WARN File: /Users/arquiel/Downloads/AI/DeepRead/harmony/entry/src/main/ets/pages/SettingExperimentalSubAgentPageFull.ets:11:12
 'replaceUrl' has been deprecated.
[39m[39m
[33mWARN: [33m[33mArkTS:WARN File: /Users/arquiel/Downloads/AI/DeepRead/harmony/entry/src/main/ets/pages/SettingExperimentalSubAgentPageFull.ets:11:12
 Function may throw exceptions. Special handling is required.
[39m[39m
[33mWARN: [33m[33mArkTS:WARN File: /Users/arquiel/Downloads/AI/DeepRead/harmony/entry/src/main/ets/pages/SettingExperimentalWebMountPage.ets:330:19
 'getContext' has been deprecated.
[39m[39m
[33mWARN: [33m[33mArkTS:WARN File: /Users/arquiel/Downloads/AI/DeepRead/harmony/entry/src/main/ets/pages/SettingFilesPage.ets:89:5
 'AlertDialog' has been deprecated.
[39m[39m
[33mWARN: [33m[33mArkTS:WARN File: /Users/arquiel/Downloads/AI/DeepRead/harmony/entry/src/main/ets/pages/SettingFilesPage.ets:89:17
 'show' has been deprecated.
[39m[39m
[33mWARN: [33m[33mArkTS:WARN File: /Users/arquiel/Downloads/AI/DeepRead/harmony/entry/src/main/ets/pages/SettingFilesPage.ets:116:20
 'showToast' has been deprecated.
[39m[39m
[33mWARN: [33m[33mArkTS:WARN File: /Users/arquiel/Downloads/AI/DeepRead/harmony/entry/src/main/ets/pages/SettingFilesPage.ets:116:20
 Function may throw exceptions. Special handling is required.
[39m[39m
[33mWARN: [33m[33mArkTS:WARN File: /Users/arquiel/Downloads/AI/DeepRead/harmony/entry/src/main/ets/pages/SettingFilesPage.ets:124:22
 'showToast' has been deprecated.
[39m[39m
[33mWARN: [33m[33mArkTS:WARN File: /Users/arquiel/Downloads/AI/DeepRead/harmony/entry/src/main/ets/pages/SettingFilesPage.ets:128:22
 'showToast' has been deprecated.
[39m[39m
[33mWARN: [33m[33mArkTS:WARN File: /Users/arquiel/Downloads/AI/DeepRead/harmony/entry/src/main/ets/pages/SettingFilesPage.ets:136:7
 'AlertDialog' has been deprecated.
[39m[39m
[33mWARN: [33m[33mArkTS:WARN File: /Users/arquiel/Downloads/AI/DeepRead/harmony/entry/src/main/ets/pages/SettingFilesPage.ets:136:19
 'show' has been deprecated.
[39m[39m
[33mWARN: [33m[33mArkTS:WARN File: /Users/arquiel/Downloads/AI/DeepRead/harmony/entry/src/main/ets/pages/SettingFilesPage.ets:152:20
 'showToast' has been deprecated.
[39m[39m
[33mWARN: [33m[33mArkTS:WARN File: /Users/arquiel/Downloads/AI/DeepRead/harmony/entry/src/main/ets/pages/SettingFilesPage.ets:163:20
 'showToast' has been deprecated.
[39m[39m
[33mWARN: [33m[33mArkTS:WARN File: /Users/arquiel/Downloads/AI/DeepRead/harmony/entry/src/main/ets/pages/SettingFilesPage.ets:168:20
 'showToast' has been deprecated.
[39m[39m
[33mWARN: [33m[33mArkTS:WARN File: /Users/arquiel/Downloads/AI/DeepRead/harmony/entry/src/main/ets/pages/SettingFilesPage.ets:181:22
 'showToast' has been deprecated.
[39m[39m
[33mWARN: [33m[33mArkTS:WARN File: /Users/arquiel/Downloads/AI/DeepRead/harmony/entry/src/main/ets/pages/SettingFilesPage.ets:184:7
 'AlertDialog' has been deprecated.
[39m[39m
[33mWARN: [33m[33mArkTS:WARN File: /Users/arquiel/Downloads/AI/DeepRead/harmony/entry/src/main/ets/pages/SettingFilesPage.ets:184:19
 'show' has been deprecated.
[39m[39m
[33mWARN: [33m[33mArkTS:WARN File: /Users/arquiel/Downloads/AI/DeepRead/harmony/entry/src/main/ets/pages/SettingFilesPage.ets:195:20
 'showToast' has been deprecated.
[39m[39m
[33mWARN: [33m[33mArkTS:WARN File: /Users/arquiel/Downloads/AI/DeepRead/harmony/entry/src/main/ets/pages/SettingFilesPage.ets:209:22
 'showToast' has been deprecated.
[39m[39m
[33mWARN: [33m[33mArkTS:WARN File: /Users/arquiel/Downloads/AI/DeepRead/harmony/entry/src/main/ets/pages/SettingMacGatewayPage.ets:144:53
 To use this API, you need to apply for the permissions: ohos.permission.READ_PASTEBOARD [since 12]
[39m[39m
[33mWARN: [33m[33mArkTS:WARN File: /Users/arquiel/Downloads/AI/DeepRead/harmony/entry/src/main/ets/pages/SettingMacGatewayPage.ets:241:5
 'AlertDialog' has been deprecated.
[39m[39m
[33mWARN: [33m[33mArkTS:WARN File: /Users/arquiel/Downloads/AI/DeepRead/harmony/entry/src/main/ets/pages/SettingMacGatewayPage.ets:241:17
 'show' has been deprecated.
[39m[39m
[33mWARN: [33m[33mArkTS:WARN File: /Users/arquiel/Downloads/AI/DeepRead/harmony/entry/src/main/ets/pages/SettingMcpPageFull.ets:11:12
 'replaceUrl' has been deprecated.
[39m[39m
[33mWARN: [33m[33mArkTS:WARN File: /Users/arquiel/Downloads/AI/DeepRead/harmony/entry/src/main/ets/pages/SettingMcpPageFull.ets:11:12
 Function may throw exceptions. Special handling is required.
[39m[39m
[33mWARN: [33m[33mArkTS:WARN File: /Users/arquiel/Downloads/AI/DeepRead/harmony/entry/src/main/ets/pages/SettingModelCouncilPage.ets:66:31
 Function may throw exceptions. Special handling is required.
[39m[39m
[33mWARN: [33m[33mArkTS:WARN File: /Users/arquiel/Downloads/AI/DeepRead/harmony/entry/src/main/ets/pages/SettingModelCouncilPage.ets:67:33
 Function may throw exceptions. Special handling is required.
[39m[39m
[33mWARN: [33m[33mArkTS:WARN File: /Users/arquiel/Downloads/AI/DeepRead/harmony/entry/src/main/ets/pages/SettingModelCouncilPage.ets:206:14
 'back' has been deprecated.
[39m[39m
[33mWARN: [33m[33mArkTS:WARN File: /Users/arquiel/Downloads/AI/DeepRead/harmony/entry/src/main/ets/pages/SettingModelCouncilPage.ets:208:7
 'AlertDialog' has been deprecated.
[39m[39m
[33mWARN: [33m[33mArkTS:WARN File: /Users/arquiel/Downloads/AI/DeepRead/harmony/entry/src/main/ets/pages/SettingModelCouncilPage.ets:208:19
 'show' has been deprecated.
[39m[39m
[33mWARN: [33m[33mArkTS:WARN File: /Users/arquiel/Downloads/AI/DeepRead/harmony/entry/src/main/ets/pages/SettingModelCouncilPage.ets:220:14
 'back' has been deprecated.
[39m[39m
[33mWARN: [33m[33mArkTS:WARN File: /Users/arquiel/Downloads/AI/DeepRead/harmony/entry/src/main/ets/pages/SettingModelCouncilPage.ets:223:5
 'AlertDialog' has been deprecated.
[39m[39m
[33mWARN: [33m[33mArkTS:WARN File: /Users/arquiel/Downloads/AI/DeepRead/harmony/entry/src/main/ets/pages/SettingModelCouncilPage.ets:223:17
 'show' has been deprecated.
[39m[39m
[33mWARN: [33m[33mArkTS:WARN File: /Users/arquiel/Downloads/AI/DeepRead/harmony/entry/src/main/ets/pages/SettingModelCouncilPage.ets:230:18
 'back' has been deprecated.
[39m[39m
[33mWARN: [33m[33mArkTS:WARN File: /Users/arquiel/Downloads/AI/DeepRead/harmony/entry/src/main/ets/pages/SettingModelPage.ets:11:12
 'replaceUrl' has been deprecated.
[39m[39m
[33mWARN: [33m[33mArkTS:WARN File: /Users/arquiel/Downloads/AI/DeepRead/harmony/entry/src/main/ets/pages/SettingModelPage.ets:11:12
 Function may throw exceptions. Special handling is required.
[39m[39m
[33mWARN: [33m[33mArkTS:WARN File: /Users/arquiel/Downloads/AI/DeepRead/harmony/entry/src/main/ets/pages/SettingPage.ets:105:12
 'pushUrl' has been deprecated.
[39m[39m
[33mWARN: [33m[33mArkTS:WARN File: /Users/arquiel/Downloads/AI/DeepRead/harmony/entry/src/main/ets/pages/SettingPage.ets:105:12
 Function may throw exceptions. Special handling is required.
[39m[39m
[33mWARN: [33m[33mArkTS:WARN File: /Users/arquiel/Downloads/AI/DeepRead/harmony/entry/src/main/ets/pages/SettingPage.ets:198:39
 'back' has been deprecated.
[39m[39m
[33mWARN: [33m[33mArkTS:WARN File: /Users/arquiel/Downloads/AI/DeepRead/harmony/entry/src/main/ets/pages/SettingPage.ets:236:39
 'pushUrl' has been deprecated.
[39m[39m
[33mWARN: [33m[33mArkTS:WARN File: /Users/arquiel/Downloads/AI/DeepRead/harmony/entry/src/main/ets/pages/SettingSandboxPage.ets:78:25
 To use this API, you need to apply for the permissions: ohos.permission.FILE_ACCESS_PERSIST
[39m[39m
[33mWARN: [33m[33mArkTS:WARN File: /Users/arquiel/Downloads/AI/DeepRead/harmony/entry/src/main/ets/pages/SettingSandboxPage.ets:91:20
 'showToast' has been deprecated.
[39m[39m
[33mWARN: [33m[33mArkTS:WARN File: /Users/arquiel/Downloads/AI/DeepRead/harmony/entry/src/main/ets/pages/SettingSandboxPage.ets:91:20
 Function may throw exceptions. Special handling is required.
[39m[39m
[33mWARN: [33m[33mArkTS:WARN File: /Users/arquiel/Downloads/AI/DeepRead/harmony/entry/src/main/ets/pages/SettingSandboxPage.ets:211:40
 'pushUrl' has been deprecated.
[39m[39m
[33mWARN: [33m[33mArkTS:WARN File: /Users/arquiel/Downloads/AI/DeepRead/harmony/entry/src/main/ets/pages/SettingSandboxPage.ets:216:40
 'pushUrl' has been deprecated.
[39m[39m
[33mWARN: [33m[33mArkTS:WARN File: /Users/arquiel/Downloads/AI/DeepRead/harmony/entry/src/main/ets/pages/SettingSandboxPage.ets:225:40
 'pushUrl' has been deprecated.
[39m[39m
[33mWARN: [33m[33mArkTS:WARN File: /Users/arquiel/Downloads/AI/DeepRead/harmony/entry/src/main/ets/pages/SettingSandboxPage.ets:234:40
 'pushUrl' has been deprecated.
[39m[39m
[33mWARN: [33m[33mArkTS:WARN File: /Users/arquiel/Downloads/AI/DeepRead/harmony/entry/src/main/ets/pages/SettingSandboxPage.ets:243:40
 'pushUrl' has been deprecated.
[39m[39m
[33mWARN: [33m[33mArkTS:WARN File: /Users/arquiel/Downloads/AI/DeepRead/harmony/entry/src/main/ets/pages/SettingSearchListCards.ets:11:12
 'replaceUrl' has been deprecated.
[39m[39m
[33mWARN: [33m[33mArkTS:WARN File: /Users/arquiel/Downloads/AI/DeepRead/harmony/entry/src/main/ets/pages/SettingSearchListCards.ets:11:12
 Function may throw exceptions. Special handling is required.
[39m[39m
[33mWARN: [33m[33mArkTS:WARN File: /Users/arquiel/Downloads/AI/DeepRead/harmony/entry/src/main/ets/pages/SettingSearchServiceEditorSheet.ets:11:12
 'replaceUrl' has been deprecated.
[39m[39m
[33mWARN: [33m[33mArkTS:WARN File: /Users/arquiel/Downloads/AI/DeepRead/harmony/entry/src/main/ets/pages/SettingSearchServiceEditorSheet.ets:11:12
 Function may throw exceptions. Special handling is required.
[39m[39m
[33mWARN: [33m[33mArkTS:WARN File: /Users/arquiel/Downloads/AI/DeepRead/harmony/entry/src/main/ets/pages/SettingSubAgentPage.ets:69:31
 Function may throw exceptions. Special handling is required.
[39m[39m
[33mWARN: [33m[33mArkTS:WARN File: /Users/arquiel/Downloads/AI/DeepRead/harmony/entry/src/main/ets/pages/SettingSubAgentPage.ets:70:33
 Function may throw exceptions. Special handling is required.
[39m[39m
[33mWARN: [33m[33mArkTS:WARN File: /Users/arquiel/Downloads/AI/DeepRead/harmony/entry/src/main/ets/pages/SettingSubAgentPage.ets:179:14
 'back' has been deprecated.
[39m[39m
[33mWARN: [33m[33mArkTS:WARN File: /Users/arquiel/Downloads/AI/DeepRead/harmony/entry/src/main/ets/pages/SettingSubAgentPage.ets:181:7
 'AlertDialog' has been deprecated.
[39m[39m
[33mWARN: [33m[33mArkTS:WARN File: /Users/arquiel/Downloads/AI/DeepRead/harmony/entry/src/main/ets/pages/SettingSubAgentPage.ets:181:19
 'show' has been deprecated.
[39m[39m
[33mWARN: [33m[33mArkTS:WARN File: /Users/arquiel/Downloads/AI/DeepRead/harmony/entry/src/main/ets/pages/SettingSubAgentPage.ets:193:14
 'back' has been deprecated.
[39m[39m
[33mWARN: [33m[33mArkTS:WARN File: /Users/arquiel/Downloads/AI/DeepRead/harmony/entry/src/main/ets/pages/SettingSubAgentPage.ets:196:5
 'AlertDialog' has been deprecated.
[39m[39m
[33mWARN: [33m[33mArkTS:WARN File: /Users/arquiel/Downloads/AI/DeepRead/harmony/entry/src/main/ets/pages/SettingSubAgentPage.ets:196:17
 'show' has been deprecated.
[39m[39m
[33mWARN: [33m[33mArkTS:WARN File: /Users/arquiel/Downloads/AI/DeepRead/harmony/entry/src/main/ets/pages/SettingSubAgentPage.ets:203:18
 'back' has been deprecated.
[39m[39m
[33mWARN: [33m[33mArkTS:WARN File: /Users/arquiel/Downloads/AI/DeepRead/harmony/entry/src/main/ets/pages/SettingSystemAccessPage.ets:128:12
 'back' has been deprecated.
[39m[39m
[33mWARN: [33m[33mArkTS:WARN File: /Users/arquiel/Downloads/AI/DeepRead/harmony/entry/src/main/ets/pages/SkillDetailPage.ets:11:12
 'replaceUrl' has been deprecated.
[39m[39m
[33mWARN: [33m[33mArkTS:WARN File: /Users/arquiel/Downloads/AI/DeepRead/harmony/entry/src/main/ets/pages/SkillDetailPage.ets:11:12
 Function may throw exceptions. Special handling is required.
[39m[39m
[33mWARN: [33m[33mArkTS:WARN File: /Users/arquiel/Downloads/AI/DeepRead/harmony/entry/src/main/ets/pages/SkillsPage.ets:53:12
 'pushUrl' has been deprecated.
[39m[39m
[33mWARN: [33m[33mArkTS:WARN File: /Users/arquiel/Downloads/AI/DeepRead/harmony/entry/src/main/ets/pages/SkillsPage.ets:53:12
 Function may throw exceptions. Special handling is required.
[39m[39m
[33mWARN: [33m[33mArkTS:WARN File: /Users/arquiel/Downloads/AI/DeepRead/harmony/entry/src/main/ets/pages/SkillsPage.ets:143:11
 'AlertDialog' has been deprecated.
[39m[39m
[33mWARN: [33m[33mArkTS:WARN File: /Users/arquiel/Downloads/AI/DeepRead/harmony/entry/src/main/ets/pages/SkillsPage.ets:143:23
 'show' has been deprecated.
[39m[39m
[33mWARN: [33m[33mArkTS:WARN File: /Users/arquiel/Downloads/AI/DeepRead/harmony/entry/src/main/ets/pages/SettingSSHProfilesPage.ets:266:5
 'AlertDialog' has been deprecated.
[39m[39m
[33mWARN: [33m[33mArkTS:WARN File: /Users/arquiel/Downloads/AI/DeepRead/harmony/entry/src/main/ets/pages/SettingSSHProfilesPage.ets:266:17
 'show' has been deprecated.
[39m[39m
[33mWARN: [33m[33mArkTS:WARN File: /Users/arquiel/Downloads/AI/DeepRead/harmony/entry/src/main/ets/pages/SettingSSHProfilesPage.ets:303:43
 'pushUrl' has been deprecated.
[39m[39m
[33mWARN: [33m[33mArkTS:WARN File: /Users/arquiel/Downloads/AI/DeepRead/harmony/entry/src/main/ets/pages/SettingSSHProfilesPage.ets:432:81
 'back' has been deprecated.
[39m[39m
[33mWARN: [33m[33mArkTS:WARN File: /Users/arquiel/Downloads/AI/DeepRead/harmony/entry/src/main/ets/components/TerminalView.ets:37:22
 Function may throw exceptions. Special handling is required.
[39m[39m
[33mWARN: [33m[33mArkTS:WARN File: /Users/arquiel/Downloads/AI/DeepRead/harmony/entry/src/main/ets/components/TerminalView.ets:135:26
 Function may throw exceptions. Special handling is required.
[39m[39m
[33mWARN: [33m[33mArkTS:WARN File: /Users/arquiel/Downloads/AI/DeepRead/harmony/entry/src/main/ets/pages/TerminalPage.ets:58:48
 'getParams' has been deprecated.
[39m[39m
[33mWARN: [33m[33mArkTS:WARN File: /Users/arquiel/Downloads/AI/DeepRead/harmony/entry/src/main/ets/pages/TerminalPage.ets:317:44
 'pushUrl' has been deprecated.
[39m[39m
[33mWARN: [33m[33mArkTS:WARN File: /Users/arquiel/Downloads/AI/DeepRead/harmony/entry/src/main/ets/pages/TerminalPage.ets:344:17
 'animateTo' has been deprecated.
[39m[39m
[33mWARN: [33m[33mArkTS:WARN File: /Users/arquiel/Downloads/AI/DeepRead/harmony/entry/src/main/ets/pages/TerminalPage.ets:375:17
 'animateTo' has been deprecated.
[39m[39m
[33mWARN: [33m[33mArkTS:WARN File: /Users/arquiel/Downloads/AI/DeepRead/harmony/entry/src/main/ets/pages/RecipesPage.ets:222:5
 'AlertDialog' has been deprecated.
[39m[39m
[33mWARN: [33m[33mArkTS:WARN File: /Users/arquiel/Downloads/AI/DeepRead/harmony/entry/src/main/ets/pages/RecipesPage.ets:222:17
 'show' has been deprecated.
[39m[39m
[33mWARN: [33m[33mArkTS:WARN File: /Users/arquiel/Downloads/AI/DeepRead/harmony/entry/src/main/ets/pages/PluginsPage.ets:259:5
 'AlertDialog' has been deprecated.
[39m[39m
[33mWARN: [33m[33mArkTS:WARN File: /Users/arquiel/Downloads/AI/DeepRead/harmony/entry/src/main/ets/pages/PluginsPage.ets:259:17
 'show' has been deprecated.
[39m[39m
[33mWARN: [33m[33mArkTS:WARN File: /Users/arquiel/Downloads/AI/DeepRead/harmony/entry/src/main/ets/pages/PluginsPage.ets:309:7
 'AlertDialog' has been deprecated.
[39m[39m
[33mWARN: [33m[33mArkTS:WARN File: /Users/arquiel/Downloads/AI/DeepRead/harmony/entry/src/main/ets/pages/PluginsPage.ets:309:19
 'show' has been deprecated.
[39m[39m
[33mWARN: [33m[33mArkTS:WARN File: /Users/arquiel/Downloads/AI/DeepRead/harmony/entry/src/main/ets/pages/PluginsPage.ets:333:5
 'AlertDialog' has been deprecated.
[39m[39m
[33mWARN: [33m[33mArkTS:WARN File: /Users/arquiel/Downloads/AI/DeepRead/harmony/entry/src/main/ets/pages/PluginsPage.ets:333:17
 'show' has been deprecated.
[39m[39m
[33mWARN: [33m[33mArkTS:WARN File: /Users/arquiel/Downloads/AI/DeepRead/harmony/entry/src/main/ets/pages/PluginsPage.ets:466:15
 'animateTo' has been deprecated.
[39m[39m
[33mWARN: [33m[33mArkTS:WARN File: /Users/arquiel/Downloads/AI/DeepRead/harmony/entry/src/main/ets/pages/PluginsPage.ets:479:15
 'animateTo' has been deprecated.
[39m[39m
[33mWARN: [33m[33mArkTS:WARN File: /Users/arquiel/Downloads/AI/DeepRead/harmony/entry/src/main/ets/pages/PluginsPage.ets:511:15
 'animateTo' has been deprecated.
[39m[39m
[33mWARN: [33m[33mArkTS:WARN File: /Users/arquiel/Downloads/AI/DeepRead/harmony/entry/src/main/ets/pages/PluginsPage.ets:535:15
 'animateTo' has been deprecated.
[39m[39m
[33mWARN: [33m[33mArkTS:WARN File: /Users/arquiel/Downloads/AI/DeepRead/harmony/entry/src/main/ets/pages/PluginsPage.ets:569:19
 'animateTo' has been deprecated.
[39m[39m
[33mWARN: [33m[33mArkTS:WARN File: /Users/arquiel/Downloads/AI/DeepRead/harmony/entry/src/main/ets/pages/PluginsPage.ets:632:15
 'animateTo' has been deprecated.
[39m[39m
[33mWARN: [33m[33mArkTS:WARN File: /Users/arquiel/Downloads/AI/DeepRead/harmony/entry/src/main/ets/pages/PluginsPage.ets:724:19
 'animateTo' has been deprecated.
[39m[39m
[33mWARN: [33m[33mArkTS:WARN File: /Users/arquiel/Downloads/AI/DeepRead/harmony/entry/src/main/ets/pages/PluginsPage.ets:731:19
 'animateTo' has been deprecated.
[39m[39m
[33mWARN: [33m[33mArkTS:WARN File: /Users/arquiel/Downloads/AI/DeepRead/harmony/entry/src/main/ets/pages/GoogleProviderAuthPage.ets:59:52
 'getParams' has been deprecated.
[39m[39m
[33mWARN: [33m[33mArkTS:WARN File: /Users/arquiel/Downloads/AI/DeepRead/harmony/entry/src/main/ets/pages/GoogleProviderAuthPage.ets:143:5
 'animateTo' has been deprecated.
[39m[39m
[33mWARN: [33m[33mArkTS:WARN File: /Users/arquiel/Downloads/AI/DeepRead/harmony/entry/src/main/ets/pages/GoogleProviderAuthPage.ets:163:48
 'getContext' has been deprecated.
[39m[39m
[33mWARN: [33m[33mArkTS:WARN File: /Users/arquiel/Downloads/AI/DeepRead/harmony/entry/src/main/ets/pages/GoogleProviderAuthPage.ets:224:46
 'getContext' has been deprecated.
[39m[39m
[33mWARN: [33m[33mArkTS:WARN File: /Users/arquiel/Downloads/AI/DeepRead/harmony/entry/src/main/ets/pages/GoogleProviderAuthPage.ets:225:20
 Function may throw exceptions. Special handling is required.
[39m[39m
[33mWARN: [33m[33mArkTS:WARN File: /Users/arquiel/Downloads/AI/DeepRead/harmony/entry/src/main/ets/pages/GoogleProviderAuthPage.ets:300:12
 'back' has been deprecated.
[39m[39m
[33mWARN: [33m[33mArkTS:WARN File: /Users/arquiel/Downloads/AI/DeepRead/harmony/entry/src/main/ets/pages/StandaloneSettingsPage.ets:14:40
 'pushUrl' has been deprecated.
[39m[39m
[33mWARN: [33m[33mArkTS:WARN File: /Users/arquiel/Downloads/AI/DeepRead/harmony/entry/src/main/ets/pages/StandaloneSettingsPage.ets:16:40
 'pushUrl' has been deprecated.
[39m[39m
[33mWARN: [33m[33mArkTS:WARN File: /Users/arquiel/Downloads/AI/DeepRead/harmony/entry/src/main/ets/pages/StandaloneSettingsPage.ets:22:40
 'pushUrl' has been deprecated.
[39m[39m
[33mWARN: [33m[33mArkTS:WARN File: /Users/arquiel/Downloads/AI/DeepRead/harmony/entry/src/main/ets/pages/StandaloneSettingsPage.ets:24:40
 'pushUrl' has been deprecated.
[39m[39m
[33mWARN: [33m[33mArkTS:WARN File: /Users/arquiel/Downloads/AI/DeepRead/harmony/entry/src/main/ets/pages/StandaloneSettingsPage.ets:26:40
 'pushUrl' has been deprecated.
[39m[39m
[33mWARN: [33m[33mArkTS:WARN File: /Users/arquiel/Downloads/AI/DeepRead/harmony/entry/src/main/ets/pages/NovelStandaloneSettingsPage.ets:48:27
 'getParams' has been deprecated.
[39m[39m
[33mWARN: [33m[33mArkTS:WARN File: /Users/arquiel/Downloads/AI/DeepRead/harmony/entry/src/main/ets/pages/NovelStandaloneSettingsPage.ets:72:60
 'back' has been deprecated.
[39m[39m
[33mWARN: [33m[33mArkTS:WARN File: /Users/arquiel/Downloads/AI/DeepRead/harmony/entry/src/main/ets/pages/NovelStandaloneSettingsPage.ets:78:12
 'pushUrl' has been deprecated.
[39m[39m
[33mWARN: [33m[33mArkTS:WARN File: /Users/arquiel/Downloads/AI/DeepRead/harmony/entry/src/main/ets/pages/NovelStandaloneSettingsPage.ets:82:12
 'pushUrl' has been deprecated.
[39m[39m
[33mWARN: [33m[33mArkTS:WARN File: /Users/arquiel/Downloads/AI/DeepRead/harmony/entry/src/main/ets/pages/NovelAppearancePage.ets:32:51
 'back' has been deprecated.
[39m[39m
[33mWARN: [33m[33mArkTS:WARN File: /Users/arquiel/Downloads/AI/DeepRead/harmony/entry/src/main/ets/pages/NovelProjectSetupPage.ets:31:47
 'getParams' has been deprecated.
[39m[39m
[33mWARN: [33m[33mArkTS:WARN File: /Users/arquiel/Downloads/AI/DeepRead/harmony/entry/src/main/ets/pages/NovelProjectSetupPage.ets:93:30
 'back' has been deprecated.
[39m[39m
[33mWARN: [33m[33mArkTS:WARN File: /Users/arquiel/Downloads/AI/DeepRead/harmony/entry/src/main/ets/pages/NovelBranchHistoryPage.ets:32:53
 The system capacity of this api 'TextInputController' is not supported on all devices
[39m[39m
[33mWARN: [33m[33mArkTS:WARN File: /Users/arquiel/Downloads/AI/DeepRead/harmony/entry/src/main/ets/pages/NovelBranchHistoryPage.ets:33:55
 The system capacity of this api 'TextInputController' is not supported on all devices
[39m[39m
[33mWARN: [33m[33mArkTS:WARN File: /Users/arquiel/Downloads/AI/DeepRead/harmony/entry/src/main/ets/pages/NovelBranchHistoryPage.ets:37:46
 'getParams' has been deprecated.
[39m[39m
[33mWARN: [33m[33mArkTS:WARN File: /Users/arquiel/Downloads/AI/DeepRead/harmony/entry/src/main/ets/pages/NovelBranchHistoryPage.ets:179:5
 'AlertDialog' has been deprecated.
[39m[39m
[33mWARN: [33m[33mArkTS:WARN File: /Users/arquiel/Downloads/AI/DeepRead/harmony/entry/src/main/ets/pages/NovelBranchHistoryPage.ets:179:17
 'show' has been deprecated.
[39m[39m
[33mWARN: [33m[33mArkTS:WARN File: /Users/arquiel/Downloads/AI/DeepRead/harmony/entry/src/main/ets/pages/NovelBranchHistoryPage.ets:190:5
 'AlertDialog' has been deprecated.
[39m[39m
[33mWARN: [33m[33mArkTS:WARN File: /Users/arquiel/Downloads/AI/DeepRead/harmony/entry/src/main/ets/pages/NovelBranchHistoryPage.ets:190:17
 'show' has been deprecated.
[39m[39m
[33mWARN: [33m[33mArkTS:WARN File: /Users/arquiel/Downloads/AI/DeepRead/harmony/entry/src/main/ets/pages/NovelBranchHistoryPage.ets:277:58
 'back' has been deprecated.
[39m[39m
[33mWARN: [33m[33mArkTS:WARN File: /Users/arquiel/Downloads/AI/DeepRead/harmony/entry/src/main/ets/pages/NovelRecoveryPreviewPage.ets:21:57
 'getParams' has been deprecated.
[39m[39m
[33mWARN: [33m[33mArkTS:WARN File: /Users/arquiel/Downloads/AI/DeepRead/harmony/entry/src/main/ets/pages/NovelRecoveryPreviewPage.ets:48:99
 'back' has been deprecated.
[39m[39m
[33mWARN: [33m[33mArkTS:WARN File: /Users/arquiel/Downloads/AI/DeepRead/harmony/entry/src/main/ets/pages/NovelContextPreviewPage.ets:43:49
 'getParams' has been deprecated.
[39m[39m
[33mWARN: [33m[33mArkTS:WARN File: /Users/arquiel/Downloads/AI/DeepRead/harmony/entry/src/main/ets/pages/NovelContextPreviewPage.ets:98:12
 'back' has been deprecated.
[39m[39m
[33mWARN: [33m[33mArkTS:WARN File: /Users/arquiel/Downloads/AI/DeepRead/harmony/entry/src/main/ets/pages/NovelOperationsPage.ets:38:59
 The system capacity of this api 'TextAreaController' is not supported on all devices
[39m[39m
[33mWARN: [33m[33mArkTS:WARN File: /Users/arquiel/Downloads/AI/DeepRead/harmony/entry/src/main/ets/pages/NovelOperationsPage.ets:39:54
 The system capacity of this api 'TextInputController' is not supported on all devices
[39m[39m
[33mWARN: [33m[33mArkTS:WARN File: /Users/arquiel/Downloads/AI/DeepRead/harmony/entry/src/main/ets/pages/NovelOperationsPage.ets:40:52
 The system capacity of this api 'TextInputController' is not supported on all devices
[39m[39m
[33mWARN: [33m[33mArkTS:WARN File: /Users/arquiel/Downloads/AI/DeepRead/harmony/entry/src/main/ets/pages/NovelOperationsPage.ets:41:54
 The system capacity of this api 'TextInputController' is not supported on all devices
[39m[39m
[33mWARN: [33m[33mArkTS:WARN File: /Users/arquiel/Downloads/AI/DeepRead/harmony/entry/src/main/ets/pages/NovelOperationsPage.ets:45:45
 'getParams' has been deprecated.
[39m[39m
[33mWARN: [33m[33mArkTS:WARN File: /Users/arquiel/Downloads/AI/DeepRead/harmony/entry/src/main/ets/pages/NovelOperationsPage.ets:90:5
 'AlertDialog' has been deprecated.
[39m[39m
[33mWARN: [33m[33mArkTS:WARN File: /Users/arquiel/Downloads/AI/DeepRead/harmony/entry/src/main/ets/pages/NovelOperationsPage.ets:90:17
 'show' has been deprecated.
[39m[39m
[33mWARN: [33m[33mArkTS:WARN File: /Users/arquiel/Downloads/AI/DeepRead/harmony/entry/src/main/ets/pages/NovelOperationsPage.ets:190:158
 'back' has been deprecated.
[39m[39m
[33mWARN: [33m[33mArkTS:WARN File: /Users/arquiel/Downloads/AI/DeepRead/harmony/entry/src/main/ets/pages/NovelStatePage.ets:32:40
 'getParams' has been deprecated.
[39m[39m
[33mWARN: [33m[33mArkTS:WARN File: /Users/arquiel/Downloads/AI/DeepRead/harmony/entry/src/main/ets/pages/NovelStatePage.ets:88:5
 'AlertDialog' has been deprecated.
[39m[39m
[33mWARN: [33m[33mArkTS:WARN File: /Users/arquiel/Downloads/AI/DeepRead/harmony/entry/src/main/ets/pages/NovelStatePage.ets:88:17
 'show' has been deprecated.
[39m[39m
[33mWARN: [33m[33mArkTS:WARN File: /Users/arquiel/Downloads/AI/DeepRead/harmony/entry/src/main/ets/pages/NovelStatePage.ets:108:5
 'AlertDialog' has been deprecated.
[39m[39m
[33mWARN: [33m[33mArkTS:WARN File: /Users/arquiel/Downloads/AI/DeepRead/harmony/entry/src/main/ets/pages/NovelStatePage.ets:108:17
 'show' has been deprecated.
[39m[39m
[33mWARN: [33m[33mArkTS:WARN File: /Users/arquiel/Downloads/AI/DeepRead/harmony/entry/src/main/ets/pages/NovelStatePage.ets:136:20
 'pushUrl' has been deprecated.
[39m[39m
[33mWARN: [33m[33mArkTS:WARN File: /Users/arquiel/Downloads/AI/DeepRead/harmony/entry/src/main/ets/pages/NovelChapterContractPage.ets:50:54
 'getParams' has been deprecated.
[39m[39m
[33mWARN: [33m[33mArkTS:WARN File: /Users/arquiel/Downloads/AI/DeepRead/harmony/entry/src/main/ets/pages/NovelChapterContractPage.ets:65:7
 'AlertDialog' has been deprecated.
[39m[39m
[33mWARN: [33m[33mArkTS:WARN File: /Users/arquiel/Downloads/AI/DeepRead/harmony/entry/src/main/ets/pages/NovelChapterContractPage.ets:65:19
 'show' has been deprecated.
[39m[39m
[33mWARN: [33m[33mArkTS:WARN File: /Users/arquiel/Downloads/AI/DeepRead/harmony/entry/src/main/ets/pages/NovelChapterContractPage.ets:67:73
 'back' has been deprecated.
[39m[39m
[33mWARN: [33m[33mArkTS:WARN File: /Users/arquiel/Downloads/AI/DeepRead/harmony/entry/src/main/ets/pages/NovelChapterContractPage.ets:138:7
 'AlertDialog' has been deprecated.
[39m[39m
[33mWARN: [33m[33mArkTS:WARN File: /Users/arquiel/Downloads/AI/DeepRead/harmony/entry/src/main/ets/pages/NovelChapterContractPage.ets:138:19
 'show' has been deprecated.
[39m[39m
[33mWARN: [33m[33mArkTS:WARN File: /Users/arquiel/Downloads/AI/DeepRead/harmony/entry/src/main/ets/pages/NovelChapterContractPage.ets:186:5
 'AlertDialog' has been deprecated.
[39m[39m
[33mWARN: [33m[33mArkTS:WARN File: /Users/arquiel/Downloads/AI/DeepRead/harmony/entry/src/main/ets/pages/NovelChapterContractPage.ets:186:17
 'show' has been deprecated.
[39m[39m
[33mWARN: [33m[33mArkTS:WARN File: /Users/arquiel/Downloads/AI/DeepRead/harmony/entry/src/main/ets/pages/NovelChapterContractPage.ets:208:7
 'AlertDialog' has been deprecated.
[39m[39m
[33mWARN: [33m[33mArkTS:WARN File: /Users/arquiel/Downloads/AI/DeepRead/harmony/entry/src/main/ets/pages/NovelChapterContractPage.ets:208:19
 'show' has been deprecated.
[39m[39m
[33mWARN: [33m[33mArkTS:WARN File: /Users/arquiel/Downloads/AI/DeepRead/harmony/entry/src/main/ets/pages/NovelChapterContractPage.ets:254:67
 'back' has been deprecated.
[39m[39m
[33mWARN: [33m[33mArkTS:WARN File: /Users/arquiel/Downloads/AI/DeepRead/harmony/entry/src/main/ets/pages/NovelPolishPage.ets:50:45
 'getParams' has been deprecated.
[39m[39m
[33mWARN: [33m[33mArkTS:WARN File: /Users/arquiel/Downloads/AI/DeepRead/harmony/entry/src/main/ets/pages/NovelPolishPage.ets:239:12
 'pushUrl' has been deprecated.
[39m[39m
[33mWARN: [33m[33mArkTS:WARN File: /Users/arquiel/Downloads/AI/DeepRead/harmony/entry/src/main/ets/pages/NovelPolishPage.ets:283:107
 'back' has been deprecated.
[39m[39m
[33mWARN: [33m[33mArkTS:WARN File: /Users/arquiel/Downloads/AI/DeepRead/harmony/entry/src/main/ets/pages/NovelPolishPage.ets:368:49
 'pushUrl' has been deprecated.
[39m[39m
[33mWARN: [33m[33mArkTS:WARN File: /Users/arquiel/Downloads/AI/DeepRead/harmony/entry/src/main/ets/pages/DeepReadSearchSettingsPage.ets:90:40
 'pushUrl' has been deprecated.
[39m[39m
[33mWARN: [33m[33mArkTS:WARN File: /Users/arquiel/Downloads/AI/DeepRead/harmony/entry/src/main/ets/pages/DeepReadSearchSettingsPage.ets:96:70
 'back' has been deprecated.
[39m[39m
[33mWARN: [33m[33mArkTS:WARN File: /Users/arquiel/Downloads/AI/DeepRead/harmony/entry/src/main/ets/pages/DeepReadSearchSettingsPage.ets:135:37
 'pushUrl' has been deprecated.
[39m[39m
[33mWARN: [33m[33mArkTS:WARN File: /Users/arquiel/Downloads/AI/DeepRead/harmony/entry/src/main/ets/pages/DeepReadSearchSettingsPage.ets:148:35
 'pushUrl' has been deprecated.
[39m[39m
[33mWARN: [33m[33mArkTS:WARN File: /Users/arquiel/Downloads/AI/DeepRead/harmony/entry/src/main/ets/pages/DeepReadSearchServiceEditorPage.ets:45:67
 'getParams' has been deprecated.
[39m[39m
[33mWARN: [33m[33mArkTS:WARN File: /Users/arquiel/Downloads/AI/DeepRead/harmony/entry/src/main/ets/pages/DeepReadSearchServiceEditorPage.ets:93:38
 'back' has been deprecated.
[39m[39m
[33mWARN: [33m[33mArkTS:WARN File: /Users/arquiel/Downloads/AI/DeepRead/harmony/entry/src/main/ets/pages/DeepReadSearchServiceEditorPage.ets:121:12
 'back' has been deprecated.
[39m[39m
[33mWARN: [33m[33mArkTS:WARN File: /Users/arquiel/Downloads/AI/DeepRead/harmony/entry/src/main/ets/pages/DeepReadDiscoverySettingsPage.ets:59:20
 'showToast' has been deprecated.
[39m[39m
[33mWARN: [33m[33mArkTS:WARN File: /Users/arquiel/Downloads/AI/DeepRead/harmony/entry/src/main/ets/pages/DeepReadDiscoverySettingsPage.ets:59:20
 Function may throw exceptions. Special handling is required.
[39m[39m
[33mWARN: [33m[33mArkTS:WARN File: /Users/arquiel/Downloads/AI/DeepRead/harmony/entry/src/main/ets/pages/DeepReadDiscoverySettingsPage.ets:66:33
 'back' has been deprecated.
[39m[39m
[39m
> hvigor [32mFinished :entry:default@CompileArkTS... after 8 s 45 ms [39m
> hvigor [33mWARN: When performing compilation for the arm64-v8a architecture:
[33m/Users/arquiel/Downloads/AI/DeepRead/harmony/native/python/build/sources/Python-3.14.7/Modules/posixmodule.c:8601:9: warning: comparison of integers of different signs: 'long' and 'size_t' (aka 'unsigned long') [-Wsign-compare][33m[39m
[33m        CPU_SET_S(cpu, setsize, cpu_set);[33m[39m
[33m        ^~~~~~~~~~~~~~~~~~~~~~~~~~~~~~~~[33m[39m
[33m/Users/arquiel/Library/Huawei/commandline/command-line-tools/sdk/default/openharmony/native/../native/sysroot/usr/include/sched.h:97:33: note: expanded from macro 'CPU_SET_S'[33m[39m
[33m#define CPU_SET_S(i, size, set) __CPU_op_S(i, size, set, |=)[33m[39m
[33m                                ^~~~~~~~~~~~~~~~~~~~~~~~~~~~[33m[39m
[33m/Users/arquiel/Library/Huawei/commandline/command-line-tools/sdk/default/openharmony/native/../native/sysroot/usr/include/sched.h:94:47: note: expanded from macro '__CPU_op_S'[33m[39m
[33m#define __CPU_op_S(i, size, set, op) ( (i)/8U >= (size) ? 0 : \[33m[39m
[33m                                       ~~~~~~ ^   ~~~~[33m[39m
[33m/Users/arquiel/Downloads/AI/DeepRead/harmony/native/python/scripts/ohos-clang.sh  -fno-strict-overflow -Wsign-compare -Wunreachable-code -DNDEBUG -g -O3 -Wall -O2 -fPIC   -std=c11 -Wextra -Wno-unused-parameter -Wno-missing-field-initializers -Wstrict-prototypes -Werror=implicit-function-declaration -fvisibility=hidden  -I/Users/arquiel/Downloads/AI/DeepRead/harmony/native/python/build/sources/Python-3.14.7/Include/internal -I/Users/arquiel/Downloads/AI/DeepRead/harmony/native/python/build/sources/Python-3.14.7/Include/internal/mimalloc -IObjects -IInclude -IPython -I. -I/Users/arquiel/Downloads/AI/DeepRead/harmony/native/python/build/sources/Python-3.14.7/Include    -DPy_BUILD_CORE_BUILTIN -c /Users/arquiel/Downloads/AI/DeepRead/harmony/native/python/build/sources/Python-3.14.7/Modules/_tracemalloc.c -o Modules/_tracemalloc.o[33m[39m
[33m/Users/arquiel/Downloads/AI/DeepRead/harmony/native/python/scripts/ohos-clang.sh  -fno-strict-overflow -Wsign-compare -Wunreachable-code -DNDEBUG -g -O3 -Wall -O2 -fPIC   -std=c11 -Wextra -Wno-unused-parameter -Wno-missing-field-initializers -Wstrict-prototypes -Werror=implicit-function-declaration -fvisibility=hidden  -I/Users/arquiel/Downloads/AI/DeepRead/harmony/native/python/build/sources/Python-3.14.7/Include/internal -I/Users/arquiel/Downloads/AI/DeepRead/harmony/native/python/build/sources/Python-3.14.7/Include/internal/mimalloc -IObjects -IInclude -IPython -I. -I/Users/arquiel/Downloads/AI/DeepRead/harmony/native/python/build/sources/Python-3.14.7/Include    -DPy_BUILD_CORE_BUILTIN -c /Users/arquiel/Downloads/AI/DeepRead/harmony/native/python/build/sources/Python-3.14.7/Modules/_suggestions.c -o Modules/_suggestions.o[33m[39m
[33m/Users/arquiel/Downloads/AI/DeepRead/harmony/native/python/scripts/ohos-clang.sh  -fno-strict-overflow -Wsign-compare -Wunreachable-code -DNDEBUG -g -O3 -Wall -O2 -fPIC   -std=c11 -Wextra -Wno-unused-parameter -Wno-missing-field-initializers -Wstrict-prototypes -Werror=implicit-function-declaration -fvisibility=hidden  -I/Users/arquiel/Downloads/AI/DeepRead/harmony/native/python/build/sources/Python-3.14.7/Include/internal -I/Users/arquiel/Downloads/AI/DeepRead/harmony/native/python/build/sources/Python-3.14.7/Include/internal/mimalloc -IObjects -IInclude -IPython -I. -I/Users/arquiel/Downloads/AI/DeepRead/harmony/native/python/build/sources/Python-3.14.7/Include    -DPy_BUILD_CORE_BUILTIN -c /Users/arquiel/Downloads/AI/DeepRead/harmony/native/python/build/sources/Python-3.14.7/Modules/_codecsmodule.c -o Modules/_codecsmodule.o[33m[39m
[33m/Users/arquiel/Downloads/AI/DeepRead/harmony/native/python/scripts/ohos-clang.sh  -fno-strict-overflow -Wsign-compare -Wunreachable-code -DNDEBUG -g -O3 -Wall -O2 -fPIC   -std=c11 -Wextra -Wno-unused-parameter -Wno-missing-field-initializers -Wstrict-prototypes -Werror=implicit-function-declaration -fvisibility=hidden  -I/Users/arquiel/Downloads/AI/DeepRead/harmony/native/python/build/sources/Python-3.14.7/Include/internal -I/Users/arquiel/Downloads/AI/DeepRead/harmony/native/python/build/sources/Python-3.14.7/Include/internal/mimalloc -IObjects -IInclude -IPython -I. -I/Users/arquiel/Downloads/AI/DeepRead/harmony/native/python/build/sources/Python-3.14.7/Include    -DPy_BUILD_CORE_BUILTIN -c /Users/arquiel/Downloads/AI/DeepRead/harmony/native/python/build/sources/Python-3.14.7/Modules/_collectionsmodule.c -o Modules/_collectionsmodule.o[33m[39m
[33m/Users/arquiel/Downloads/AI/DeepRead/harmony/native/python/scripts/ohos-clang.sh  -fno-strict-overflow -Wsign-compare -Wunreachable-code -DNDEBUG -g -O3 -Wall -O2 -fPIC   -std=c11 -Wextra -Wno-unused-parameter -Wno-missing-field-initializers -Wstrict-prototypes -Werror=implicit-function-declaration -fvisibility=hidden  -I/Users/arquiel/Downloads/AI/DeepRead/harmony/native/python/build/sources/Python-3.14.7/Include/internal -I/Users/arquiel/Downloads/AI/DeepRead/harmony/native/python/build/sources/Python-3.14.7/Include/internal/mimalloc -IObjects -IInclude -IPython -I. -I/Users/arquiel/Downloads/AI/DeepRead/harmony/native/python/build/sources/Python-3.14.7/Include    -DPy_BUILD_CORE_BUILTIN -c /Users/arquiel/Downloads/AI/DeepRead/harmony/native/python/build/sources/Python-3.14.7/Modules/errnomodule.c -o Modules/errnomodule.o[33m[39m
[33m/Users/arquiel/Downloads/AI/DeepRead/harmony/native/python/scripts/ohos-clang.sh -I/Users/arquiel/Downloads/AI/DeepRead/harmony/native/python/build/sources/Python-3.14.7/Modules/_io -fno-strict-overflow -Wsign-compare -Wunreachable-code -DNDEBUG -g -O3 -Wall -O2 -fPIC   -std=c11 -Wextra -Wno-unused-parameter -Wno-missing-field-initializers -Wstrict-prototypes -Werror=implicit-function-declaration -fvisibility=hidden  -I/Users/arquiel/Downloads/AI/DeepRead/harmony/native/python/build/sources/Python-3.14.7/Include/internal -I/Users/arquiel/Downloads/AI/DeepRead/harmony/native/python/build/sources/Python-3.14.7/Include/internal/mimalloc -IObjects -IInclude -IPython -I. -I/Users/arquiel/Downloads/AI/DeepRead/harmony/native/python/build/sources/Python-3.14.7/Include    -DPy_BUILD_CORE_BUILTIN -c /Users/arquiel/Downloads/AI/DeepRead/harmony/native/python/build/sources/Python-3.14.7/Modules/_io/_iomodule.c -o Modules/_io/_iomodule.o[33m[39m
[33m/Users/arquiel/Downloads/AI/DeepRead/harmony/native/python/scripts/ohos-clang.sh -I/Users/arquiel/Downloads/AI/DeepRead/harmony/native/python/build/sources/Python-3.14.7/Modules/_io -fno-strict-overflow -Wsign-compare -Wunreachable-code -DNDEBUG -g -O3 -Wall -O2 -fPIC   -std=c11 -Wextra -Wno-unused-parameter -Wno-missing-field-initializers -Wstrict-prototypes -Werror=implicit-function-declaration -fvisibility=hidden  -I/Users/arquiel/Downloads/AI/DeepRead/harmony/native/python/build/sources/Python-3.14.7/Include/internal -I/Users/arquiel/Downloads/AI/DeepRead/harmony/native/python/build/sources/Python-3.14.7/Include/internal/mimalloc -IObjects -IInclude -IPython -I. -I/Users/arquiel/Downloads/AI/DeepRead/harmony/native/python/build/sources/Python-3.14.7/Include    -DPy_BUILD_CORE_BUILTIN -c /Users/arquiel/Downloads/AI/DeepRead/harmony/native/python/build/sources/Python-3.14.7/Modules/_io/iobase.c -o Modules/_io/iobase.o[33m[39m
[33m/Users/arquiel/Downloads/AI/DeepRead/harmony/native/python/scripts/ohos-clang.sh -I/Users/arquiel/Downloads/AI/DeepRead/harmony/native/python/build/sources/Python-3.14.7/Modules/_io -fno-strict-overflow -Wsign-compare -Wunreachable-code -DNDEBUG -g -O3 -Wall -O2 -fPIC   -std=c11 -Wextra -Wno-unused-parameter -Wno-missing-field-initializers -Wstrict-prototypes -Werror=implicit-function-declaration -fvisibility=hidden  -I/Users/arquiel/Downloads/AI/DeepRead/harmony/native/python/build/sources/Python-3.14.7/Include/internal -I/Users/arquiel/Downloads/AI/DeepRead/harmony/native/python/build/sources/Python-3.14.7/Include/internal/mimalloc -IObjects -IInclude -IPython -I. -I/Users/arquiel/Downloads/AI/DeepRead/harmony/native/python/build/sources/Python-3.14.7/Include    -DPy_BUILD_CORE_BUILTIN -c /Users/arquiel/Downloads/AI/DeepRead/harmony/native/python/build/sources/Python-3.14.7/Modules/_io/fileio.c -o Modules/_io/fileio.o[33m[39m
[33m/Users/arquiel/Downloads/AI/DeepRead/harmony/native/python/scripts/ohos-clang.sh -I/Users/arquiel/Downloads/AI/DeepRead/harmony/native/python/build/sources/Python-3.14.7/Modules/_io -fno-strict-overflow -Wsign-compare -Wunreachable-code -DNDEBUG -g -O3 -Wall -O2 -fPIC   -std=c11 -Wextra -Wno-unused-parameter -Wno-missing-field-initializers -Wstrict-prototypes -Werror=implicit-function-declaration -fvisibility=hidden  -I/Users/arquiel/Downloads/AI/DeepRead/harmony/native/python/build/sources/Python-3.14.7/Include/internal -I/Users/arquiel/Downloads/AI/DeepRead/harmony/native/python/build/sources/Python-3.14.7/Include/internal/mimalloc -IObjects -IInclude -IPython -I. -I/Users/arquiel/Downloads/AI/DeepRead/harmony/native/python/build/sources/Python-3.14.7/Include    -DPy_BUILD_CORE_BUILTIN -c /Users/arquiel/Downloads/AI/DeepRead/harmony/native/python/build/sources/Python-3.14.7/Modules/_io/bytesio.c -o Modules/_io/bytesio.o[33m[39m
[33m/Users/arquiel/Downloads/AI/DeepRead/harmony/native/python/scripts/ohos-clang.sh -I/Users/arquiel/Downloads/AI/DeepRead/harmony/native/python/build/sources/Python-3.14.7/Modules/_io -fno-strict-overflow -Wsign-compare -Wunreachable-code -DNDEBUG -g -O3 -Wall -O2 -fPIC   -std=c11 -Wextra -Wno-unused-parameter -Wno-missing-field-initializers -Wstrict-prototypes -Werror=implicit-function-declaration -fvisibility=hidden  -I/Users/arquiel/Downloads/AI/DeepRead/harmony/native/python/build/sources/Python-3.14.7/Include/internal -I/Users/arquiel/Downloads/AI/DeepRead/harmony/native/python/build/sources/Python-3.14.7/Include/internal/mimalloc -IObjects -IInclude -IPython -I. -I/Users/arquiel/Downloads/AI/DeepRead/harmony/native/python/build/sources/Python-3.14.7/Include    -DPy_BUILD_CORE_BUILTIN -c /Users/arquiel/Downloads/AI/DeepRead/harmony/native/python/build/sources/Python-3.14.7/Modules/_io/bufferedio.c -o Modules/_io/bufferedio.o[33m[39m
[33m/Users/arquiel/Downloads/AI/DeepRead/harmony/native/python/scripts/ohos-clang.sh -I/Users/arquiel/Downloads/AI/DeepRead/harmony/native/python/build/sources/Python-3.14.7/Modules/_io -fno-strict-overflow -Wsign-compare -Wunreachable-code -DNDEBUG -g -O3 -Wall -O2 -fPIC   -std=c11 -Wextra -Wno-unused-parameter -Wno-missing-field-initializers -Wstrict-prototypes -Werror=implicit-function-declaration -fvisibility=hidden  -I/Users/arquiel/Downloads/AI/DeepRead/harmony/native/python/build/sources/Python-3.14.7/Include/internal -I/Users/arquiel/Downloads/AI/DeepRead/harmony/native/python/build/sources/Python-3.14.7/Include/internal/mimalloc -IObjects -IInclude -IPython -I. -I/Users/arquiel/Downloads/AI/DeepRead/harmony/native/python/build/sources/Python-3.14.7/Include    -DPy_BUILD_CORE_BUILTIN -c /Users/arquiel/Downloads/AI/DeepRead/harmony/native/python/build/sources/Python-3.14.7/Modules/_io/textio.c -o Modules/_io/textio.o[33m[39m
[33m/Users/arquiel/Downloads/AI/DeepRead/harmony/native/python/scripts/ohos-clang.sh -I/Users/arquiel/Downloads/AI/DeepRead/harmony/native/python/build/sources/Python-3.14.7/Modules/_io -fno-strict-overflow -Wsign-compare -Wunreachable-code -DNDEBUG -g -O3 -Wall -O2 -fPIC   -std=c11 -Wextra -Wno-unused-parameter -Wno-missing-field-initializers -Wstrict-prototypes -Werror=implicit-function-declaration -fvisibility=hidden  -I/Users/arquiel/Downloads/AI/DeepRead/harmony/native/python/build/sources/Python-3.14.7/Include/internal -I/Users/arquiel/Downloads/AI/DeepRead/harmony/native/python/build/sources/Python-3.14.7/Include/internal/mimalloc -IObjects -IInclude -IPython -I. -I/Users/arquiel/Downloads/AI/DeepRead/harmony/native/python/build/sources/Python-3.14.7/Include    -DPy_BUILD_CORE_BUILTIN -c /Users/arquiel/Downloads/AI/DeepRead/harmony/native/python/build/sources/Python-3.14.7/Modules/_io/stringio.c -o Modules/_io/stringio.o[33m[39m
[33m/Users/arquiel/Downloads/AI/DeepRead/harmony/native/python/scripts/ohos-clang.sh  -fno-strict-overflow -Wsign-compare -Wunreachable-code -DNDEBUG -g -O3 -Wall -O2 -fPIC   -std=c11 -Wextra -Wno-unused-parameter -Wno-missing-field-initializers -Wstrict-prototypes -Werror=implicit-function-declaration -fvisibility=hidden  -I/Users/arquiel/Downloads/AI/DeepRead/harmony/native/python/build/sources/Python-3.14.7/Include/internal -I/Users/arquiel/Downloads/AI/DeepRead/harmony/native/python/build/sources/Python-3.14.7/Include/internal/mimalloc -IObjects -IInclude -IPython -I. -I/Users/arquiel/Downloads/AI/DeepRead/harmony/native/python/build/sources/Python-3.14.7/Include    -DPy_BUILD_CORE_BUILTIN -c /Users/arquiel/Downloads/AI/DeepRead/harmony/native/python/build/sources/Python-3.14.7/Modules/itertoolsmodule.c -o Modules/itertoolsmodule.o[33m[39m
[33m/Users/arquiel/Downloads/AI/DeepRead/harmony/native/python/scripts/ohos-clang.sh  -fno-strict-overflow -Wsign-compare -Wunreachable-code -DNDEBUG -g -O3 -Wall -O2 -fPIC   -std=c11 -Wextra -Wno-unused-parameter -Wno-missing-field-initializers -Wstrict-prototypes -Werror=implicit-function-declaration -fvisibility=hidden  -I/Users/arquiel/Downloads/AI/DeepRead/harmony/native/python/build/sources/Python-3.14.7/Include/internal -I/Users/arquiel/Downloads/AI/DeepRead/harmony/native/python/build/sources/Python-3.14.7/Include/internal/mimalloc -IObjects -IInclude -IPython -I. -I/Users/arquiel/Downloads/AI/DeepRead/harmony/native/python/build/sources/Python-3.14.7/Include    -DPy_BUILD_CORE_BUILTIN -c /Users/arquiel/Downloads/AI/DeepRead/harmony/native/python/build/sources/Python-3.14.7/Modules/_sre/sre.c -o Modules/_sre/sre.o[33m[39m
[33m1 warning generated.[33m[39m
[39m
> hvigor [32mFinished :entry:default@BuildNativeWithNinja... after 10 s 684 ms [39m
> hvigor [32mFinished :entry:default@ProcessLibs... after 49 ms [39m
> hvigor [32mFinished :entry:default@DoNativeStrip... after 37 ms [39m
> hvigor [32mFinished :entry:default@CacheNativeLibs... after 2 ms [39m
> hvigor [32mUP-TO-DATE :entry:default@GeneratePkgModuleJson...  [39m
> hvigor [32mFinished :entry:default@ProcessCompiledResources... after 1 ms [39m
> hvigor [33mWARN: If obfuscation is needed, enable obfuscation settings in this build process; failing to do so may prevent future obfuscation. 
               Properly configure obfuscation rules to avoid runtime issues.[39m
> hvigor [32mFinished :entry:default@PackageHap... after 489 ms [39m
> hvigor [33mWARN: Unexpected source code files packaged in 'entry'. Please remove them if not needed. Reference: https://developer.huawei.com/consumer/cn/doc/harmonyos-guides/ide-hvigor-build-profile-app#section03812484215
If the checking is not needed, you can set buildOption/packOptions/enableSourceCodeCheck to false at file: /Users/arquiel/Downloads/AI/DeepRead/harmony/build-profile.json5
/Users/arquiel/Downloads/AI/DeepRead/harmony/entry/src/main/resources/rawfile/python/amber_python.py[39m
> hvigor [32mFinished :entry:default@PackingCheck... after 5 ms [39m
> hvigor [32mFinished :entry:default@SignHap... after 1 s 315 ms [39m
> hvigor [32mFinished :entry:default@CollectDebugSymbol... after 6 ms [39m
> hvigor [32mFinished :entry:assembleHap... after 1 ms [39m
> hvigor [32mUP-TO-DATE ::MakeProjectPackInfo...  [39m
> hvigor [32mUP-TO-DATE ::ProcessProjectPrivacyProfile...  [39m
> hvigor [32mUP-TO-DATE ::GeneratePackRes...  [39m
> hvigor [32mFinished ::PackageApp... after 2 s 470 ms [39m
> hvigor [32mFinished ::SignPackagesFromApp... after 1 ms [39m
> hvigor [32mFinished ::SignApp... after 901 ms [39m
> hvigor [32mFinished ::assembleApp... after 1 ms [39m
> hvigor [32mBUILD SUCCESSFUL in 18 s 378 ms [39m
